-- MySQL dump 10.13  Distrib 8.4.2, for macos13.6 (arm64)
--
-- Host: oceanacademydb.cx0u8okkguoh.ap-northeast-2.rds.amazonaws.com    Database: OceanAcademyDB
-- ------------------------------------------------------
-- Server version	8.0.35

/*!40101 SET @OLD_CHARACTER_SET_CLIENT=@@CHARACTER_SET_CLIENT */;
/*!40101 SET @OLD_CHARACTER_SET_RESULTS=@@CHARACTER_SET_RESULTS */;
/*!40101 SET @OLD_COLLATION_CONNECTION=@@COLLATION_CONNECTION */;
/*!50503 SET NAMES utf8mb4 */;
/*!40103 SET @OLD_TIME_ZONE=@@TIME_ZONE */;
/*!40103 SET TIME_ZONE='+00:00' */;
/*!40014 SET @OLD_UNIQUE_CHECKS=@@UNIQUE_CHECKS, UNIQUE_CHECKS=0 */;
/*!40014 SET @OLD_FOREIGN_KEY_CHECKS=@@FOREIGN_KEY_CHECKS, FOREIGN_KEY_CHECKS=0 */;
/*!40101 SET @OLD_SQL_MODE=@@SQL_MODE, SQL_MODE='NO_AUTO_VALUE_ON_ZERO' */;
/*!40111 SET @OLD_SQL_NOTES=@@SQL_NOTES, SQL_NOTES=0 */;

--
-- Table structure for table `categories`
--

DROP TABLE IF EXISTS `categories`;
/*!40101 SET @saved_cs_client     = @@character_set_client */;
/*!50503 SET character_set_client = utf8mb4 */;
CREATE TABLE `categories` (
  `id` int NOT NULL AUTO_INCREMENT,
  `name` varchar(100) NOT NULL,
  PRIMARY KEY (`id`)
) ENGINE=InnoDB AUTO_INCREMENT=45 DEFAULT CHARSET=utf8mb4 COLLATE=utf8mb4_0900_ai_ci;
/*!40101 SET character_set_client = @saved_cs_client */;

--
-- Dumping data for table `categories`
--

LOCK TABLES `categories` WRITE;
/*!40000 ALTER TABLE `categories` DISABLE KEYS */;
INSERT INTO `categories` VALUES (1,'디지털 드로잉'),(2,'드로잉'),(3,'공예'),(4,'요리·음료'),(5,'베이킹·디저트'),(6,'음악'),(7,'운동'),(8,'라이프스타일'),(9,'사진·영상'),(10,'금융·재테크'),(11,'창업·부업'),(12,'성공 마인드'),(13,'프로그래밍'),(14,'데이터사이언스'),(15,'제품 기획'),(16,'비즈니스'),(17,'생산성'),(18,'마케팅'),(19,'디자인'),(20,'영상/3D'),(21,'영어'),(22,'외국어 시험'),(23,'제2 외국어'),(24,'아이 교육'),(25,'부모 교육');
/*!40000 ALTER TABLE `categories` ENABLE KEYS */;
UNLOCK TABLES;

--
-- Table structure for table `classrooms`
--

DROP TABLE IF EXISTS `classrooms`;
/*!40101 SET @saved_cs_client     = @@character_set_client */;
/*!50503 SET character_set_client = utf8mb4 */;
CREATE TABLE `classrooms` (
  `category_id` int NOT NULL,
  `is_active` bit(1) NOT NULL,
  `created_at` datetime(6) NOT NULL,
  `deleted_at` datetime(6) DEFAULT NULL,
  `id` bigint NOT NULL AUTO_INCREMENT,
  `user_id` varchar(60) NOT NULL,
  `name` varchar(100) NOT NULL,
  `banner_image_path` varchar(300) DEFAULT NULL,
  `announcement` varchar(700) DEFAULT NULL,
  `description` varchar(700) NOT NULL,
  `instructor_info` varchar(700) DEFAULT NULL,
  `object` varchar(700) NOT NULL,
  `prerequisite` varchar(700) DEFAULT NULL,
  PRIMARY KEY (`id`),
  KEY `FKnhq3a4ee0f7kvaakv1lp89u3a` (`category_id`),
  KEY `FK22ujdlhyov0tlvwgb2xid0lim` (`user_id`),
  CONSTRAINT `FK22ujdlhyov0tlvwgb2xid0lim` FOREIGN KEY (`user_id`) REFERENCES `users` (`id`) ON DELETE CASCADE,
  CONSTRAINT `FKnhq3a4ee0f7kvaakv1lp89u3a` FOREIGN KEY (`category_id`) REFERENCES `categories` (`id`)
) ENGINE=InnoDB AUTO_INCREMENT=118 DEFAULT CHARSET=utf8mb4 COLLATE=utf8mb4_0900_ai_ci;
/*!40101 SET character_set_client = @saved_cs_client */;

--
-- Dumping data for table `classrooms`
--

LOCK TABLES `classrooms` WRITE;
/*!40000 ALTER TABLE `classrooms` DISABLE KEYS */;
INSERT INTO `classrooms` VALUES (1,_binary '','2024-08-22 06:20:00.000000','2024-08-27 23:48:06.308477',1,'100','디지털 드로잉: 빛과 그림자의 완벽한 이해',NULL,'첫 강의는 2024년 9월 10일에 시작되며 매주 화요일과 목요일 오후 7시에 진행됩니다. 태블릿과 드로잉 소프트웨어는 필수입니다.','이 강의는 빛과 그림자를 활용한 디지털 드로잉 기법에 대해 깊이 있게 다룹니다. 작품에 입체감을 부여하고, 사실적인 표현을 할 수 있도록 돕습니다.','김서준 교수는 디지털 아트 분야에서 10년 이상의 경력을 가진 베테랑으로, 국내외 여러 전시회에 참가한 경험이 있습니다.','빛과 그림자를 활용해 작품의 질감을 높이고, 사실적인 표현을 완성하는 것을 목표로 합니다.','기본적인 드로잉 기술이 필요하며, 디지털 툴에 익숙하면 좋습니다.'),(2,_binary '','2024-08-22 06:25:00.000000','2024-08-28 11:36:47.859335',2,'101','스티븐 끈적끈적',NULL,'매주 수요일 저녁 8시에 진행됩니다. 2024년 9월 13일 첫 강의가 시작되며, 준비물은 연필과 펜입니다.','이 강의는 연필과 펜을 사용하여 인물의 특징을 섬세하게 표현하는 방법을 중점적으로 다룹니다. 얼굴 비례와 명암 표현을 통해 사실적 인물화를 완성해 나갑니다.','이지아 강사는 프리랜서 일러스트레이터로, 그녀만의 독특한 인물 묘사 기법으로 여러 작품을 발표한 바 있습니다.','인물 드로잉의 기본부터 심화 테크닉까지 익히는 것을 목표로 합니다.','기본적인 인물 비례 이해와 드로잉 경험이 필요합니다.'),(3,_binary '','2024-08-22 06:30:00.000000',NULL,3,'102','색과 재료로 완성하는 공예 작품 만들기',NULL,'강의는 매주 월요일 오후 2시에 시작됩니다. 첫 수업은 2024년 9월 17일이며, 재료비는 별도로 안내드립니다.','다양한 재료와 색채 조합을 통해 나만의 공예 작품을 만들어 보는 실습 중심의 강의입니다. 소품부터 대형 작품까지 다양하게 다룹니다.','박하준 교수는 공예 예술 분야에서 15년 이상의 경력을 보유한 아티스트로, 공예와 디자인을 접목한 작품을 다수 선보였습니다.','색감과 재료의 조화를 통해 개성 있는 공예 작품을 제작하는 능력을 기르는 것을 목표로 합니다.','기본 공예 기술이 있으면 좋지만, 초보자도 수강 가능합니다.'),(4,_binary '','2024-08-22 06:35:00.000000','2024-08-28 13:19:13.979920',4,'103','집에서 만드는 셰프급 요리: 실전 레시피 공개',NULL,'첫 강의는 2024년 9월 19일에 시작되며 매주 금요일 저녁 7시에 진행됩니다. 모든 재료는 사전에 준비 안내 드립니다.','일상적인 재료로 셰프 수준의 요리를 만들어 보는 강의입니다. 실전에서 사용되는 조리 비법을 통해 고급스러운 맛을 내는 방법을 배웁니다.','정유나 셰프는 다수의 요리 대회 수상 경력을 보유하고 있으며, 고급 요리 레스토랑을 운영하고 있습니다.','일상 속 재료로 전문가 수준의 요리를 완성하는 것이 이 강의의 목표입니다.','기본적인 요리 기술과 칼 사용 능력이 요구됩니다.'),(5,_binary '','2024-08-22 06:40:00.000000','2024-08-28 13:17:06.393000',5,'104','홈베이킹: 초코 브라우니부터 마카롱까지',NULL,'강의는 2024년 9월 15일 시작되며 매주 화요일 오후 3시에 진행됩니다. 준비물은 첫 수업 전에 안내드립니다.','집에서도 쉽게 따라 할 수 있는 홈베이킹을 중심으로, 브라우니, 마카롱, 타르트 등 다양한 디저트를 만드는 방법을 배웁니다.','최도현 셰프는 홈베이킹 전문 강사로, 온라인 플랫폼에서 베이킹 관련 수업을 꾸준히 진행하고 있습니다.','다양한 디저트를 손쉽게 만들 수 있도록 도와주는 것이 강의의 목표입니다.','베이킹에 대한 기초 지식이 필요하지만, 초보자도 쉽게 배울 수 있는 과정입니다.'),(6,_binary '','2024-08-22 06:45:00.000000','2024-08-28 02:57:21.000000',6,'105','기타 연주 마스터: 기본 코드부터 고급 리프까지',NULL,'매주 토요일 오전 10시에 시작되며, 첫 강의는 2024년 9월 10일입니다. 기타와 튜너를 준비해주세요.','이 강의는 기본적인 코드 진행부터 고급 리프까지 기타 연주의 모든 것을 다룹니다. 실전에서 사용되는 연주 기법을 자세히 배웁니다.','윤지호 강사는 기타 연주자로서 여러 밴드와 협업한 경험을 바탕으로, 실전에서 활용할 수 있는 연주법을 가르칩니다.','초보자도 쉽게 배울 수 있는 기타 기본 연주부터, 고급 테크닉까지 섭렵하는 것이 목표입니다.','기본적인 기타 연주 경험이 있으면 좋습니다.'),(7,_binary '','2024-08-22 06:50:00.000000','2024-08-28 13:14:42.424228',7,'106','홈트레이닝: 하루 30분으로 만드는 건강한 몸',NULL,'매주 화요일과 금요일 오전 9시에 진행되며, 첫 수업은 2024년 9월 12일에 시작됩니다. 준비물은 요가 매트와 물통입니다.','이 강의는 집에서도 간단히 할 수 있는 전신 운동을 중심으로 구성되어 있으며, 하루 30분씩 운동하여 체력을 기르는 방법을 배웁니다.','장민서 트레이너는 홈트레이닝 전문 강사로서, 여러 유명 피트니스 프로그램의 트레이너로 활동한 경험이 있습니다.','기구 없이도 할 수 있는 전신 운동을 통해 건강한 신체를 만드는 것이 목표입니다.','별도의 운동 경험 없이 누구나 쉽게 따라 할 수 있습니다.'),(8,_binary '','2024-08-22 06:55:00.000000',NULL,8,'107','매일 실천하는 라이프스타일 변화의 기술',NULL,'첫 강의는 2024년 9월 8일이며, 매주 화요일 오후 4시에 진행됩니다. 강의 중 실습을 통해 변화를 직접 체험할 수 있습니다.','생활 습관을 개선하여 더 나은 삶을 살 수 있도록 돕는 라이프스타일 코칭 프로그램입니다. 작은 변화가 큰 결과를 만들어내는 방법을 배웁니다.','한예원 라이프스타일 코치는 다양한 라이프스타일 워크샵을 운영해왔으며, 실질적인 변화를 이끌어내는 데 탁월한 성과를 보여주었습니다.','라이프스타일을 개선하여 지속 가능한 변화를 이끌어내는 것이 목표입니다.','자신의 생활 패턴에 대해 열린 마음으로 접근할 준비가 필요합니다.'),(9,_binary '','2024-08-22 07:00:00.000000',NULL,9,'108','사진의 예술: 구도와 조명을 활용한 작품 만들기',NULL,'강의는 2024년 9월 20일 시작되며 매주 목요일 저녁 6시에 진행됩니다. 카메라 및 렌즈 준비가 필요합니다.','이 강의는 사진의 구도와 조명 사용법에 대해 중점적으로 다루며, 작품 사진을 완성하는 기법을 학습합니다. 실제 촬영 실습을 통해 다양한 상황에서의 응용력을 배웁니다.','김시우 작가는 사진 작가로서 여러 국내외 전시회에 참가한 경력을 가지고 있으며, 독창적인 사진 스타일로 유명합니다.','구도와 조명을 활용해 사진의 예술적 완성도를 높이는 것이 목표입니다.','카메라 사용 경험과 기본적인 사진 촬영 지식이 요구됩니다.'),(10,_binary '','2024-08-22 07:05:00.000000',NULL,10,'109','현명한 재테크: 초보자를 위한 첫 걸음',NULL,'매주 수요일 오후 3시에 시작되며, 첫 수업은 2024년 9월 15일에 진행됩니다. 기본적인 금융 용어에 대한 이해가 필요합니다.','이 강의는 재테크 초보자를 위한 기초부터 시작하여, 돈을 현명하게 관리하는 방법을 배웁니다. 금융 상품의 이해와 투자 전략을 다룹니다.','신은서 재테크 전문가는 10년 이상 금융업계에서 활동해왔으며, 다수의 세미나와 강연을 통해 개인 재무 관리법을 가르쳐 왔습니다.','재테크 초보자도 쉽게 따라 할 수 있도록, 기본 금융 상품에 대한 이해부터 전략적인 투자 방법을 배우는 것이 목표입니다.','기본적인 재무 지식이 있으면 좋습니다.'),(11,_binary '','2024-08-22 07:10:00.000000','2024-08-27 21:24:45.606607',11,'110','성공적인 창업을 위한 필수 전략',NULL,'첫 수업은 2024년 9월 22일 시작되며 매주 월요일 오후 5시에 진행됩니다. 강의 중 창업 관련 실습이 포함됩니다.','이 강의는 창업 초보자들이 알아야 할 필수 전략과 창업 초기 단계에서 겪는 문제 해결 방법을 중심으로 진행됩니다.','오서연 강사는 5개의 스타트업을 창업한 경험이 있으며, 현재도 다수의 창업 컨설팅을 진행하고 있습니다.','성공적인 창업을 위한 구체적인 비즈니스 모델을 수립하는 것이 목표입니다.','창업에 대한 기본 아이디어와 비즈니스 모델에 대한 기초 지식이 필요합니다.'),(12,_binary '','2024-08-22 07:15:00.000000',NULL,12,'111','성공 마인드: 긍정적 사고의 힘',NULL,'강의는 2024년 9월 10일 시작되며 매주 수요일 오후 4시에 진행됩니다. 간단한 과제와 일상에서 실천할 수 있는 훈련이 포함됩니다.','성공을 위해 필요한 긍정적 사고방식을 체계적으로 배우고, 이를 실생활에서 어떻게 적용할 수 있는지 학습하는 강의입니다.','류지성 코치는 10년간 자기계발 및 성공 마인드에 대해 강연을 해왔으며, 수많은 개인이 성공적인 삶을 살 수 있도록 도왔습니다.','성공적인 마인드를 확립하고 이를 통해 더 나은 삶을 살 수 있는 능력을 기르는 것이 목표입니다.','성공을 향한 열정과 긍정적인 마인드가 필요합니다.'),(13,_binary '','2024-08-22 07:20:00.000000',NULL,13,'112','파이썬 기초부터 실전까지: 프로그래밍 입문',NULL,'강의는 2024년 9월 18일에 시작되며 매주 금요일 오후 2시에 진행됩니다. 실습 위주의 수업으로, 개인 노트북이 필요합니다.','이 강의는 프로그래밍 초보자들이 파이썬을 기초부터 배워 실전 프로젝트를 수행할 수 있도록 도와줍니다.','김하린 교수는 소프트웨어 개발 분야에서 15년간의 경력을 가지고 있으며, 다수의 프로젝트를 수행한 경험이 있습니다.','기초 문법에서부터 실전 프로그래밍까지 익히고, 자신만의 프로젝트를 완성하는 것을 목표로 합니다.','프로그래밍 경험이 없더라도 수강 가능합니다.'),(14,_binary '','2024-08-22 07:25:00.000000',NULL,14,'113','스티븐 끈적끈적',NULL,'강의는 매주 화요일 오후 6시에 진행되며 첫 수업은 2024년 9월 20일에 시작됩니다. 개인 노트북이 필요하며, 파이썬 설치가 필요합니다.','데이터 분석의 기본부터 시작하여, 실제 데이터를 활용한 분석 방법을 배웁니다. 기초적인 통계와 데이터 시각화 기술도 함께 다룹니다.','백준서 교수는 데이터 사이언스 분야에서 다년간 연구와 강의를 해왔으며, 다수의 데이터 분석 프로젝트를 수행한 전문가입니다.','기초 통계학과 데이터 분석 방법을 익혀 실제 프로젝트에서 활용할 수 있는 역량을 기르는 것이 목표입니다.','파이썬과 기본적인 통계 지식이 있으면 좋습니다.'),(15,_binary '','2024-08-22 07:30:00.000000',NULL,15,'114','성공적인 제품 기획: 아이디어에서 실행까지',NULL,'첫 수업은 2024년 9월 25일에 시작되며 매주 목요일 오후 3시에 진행됩니다. 제품 기획 실습이 포함되어 있습니다.','이 강의는 제품 기획의 기초부터 아이디어 발상법, 실행 계획 수립까지의 전 과정을 배울 수 있습니다.','박다인 교수는 다수의 제품 기획을 성공적으로 수행한 경험을 바탕으로, 실제 시장에서 제품이 성공할 수 있는 전략을 가르칩니다.','제품 기획에 필요한 기본적인 기획 방법론을 배우고, 성공적인 제품을 기획하는 능력을 기르는 것이 목표입니다.','기본적인 시장 조사 능력이 있으면 좋습니다.'),(16,_binary '','2024-08-22 07:35:00.000000',NULL,16,'115','비즈니스 커뮤니케이션: 성공적인 협상 전략',NULL,'강의는 매주 월요일 오전 11시에 시작되며, 2024년 9월 30일 첫 수업이 시작됩니다. 강의 중 실습을 통해 협상 기술을 배우게 됩니다.','성공적인 비즈니스를 위한 필수 기술인 협상력을 배웁니다. 다양한 사례를 통해 실전에서 활용할 수 있는 전략을 학습합니다.','김도윤 교수는 비즈니스 커뮤니케이션 전문가로, 다수의 글로벌 협상 경험을 바탕으로 실전 전략을 가르칩니다.','협상과 커뮤니케이션 스킬을 배우고, 비즈니스 상황에서 이를 적용할 수 있는 능력을 기르는 것이 목표입니다.','비즈니스 환경에 대한 기본적인 이해가 있으면 좋습니다.'),(17,_binary '','2024-08-22 07:40:00.000000',NULL,17,'116','생산성 향상을 위한 스마트 워크 기술',NULL,'첫 수업은 2024년 10월 5일에 시작되며 매주 금요일 오후 1시에 진행됩니다. 노트북과 스마트폰이 필요합니다.','효율적인 업무 처리와 시간 관리를 위한 다양한 스마트 워크 도구와 기술을 배웁니다. 실습을 통해 즉시 적용할 수 있는 방법을 익힙니다.','조하율 교수는 생산성 관리 전문가로, 다수의 기업에서 생산성 향상을 위한 컨설팅을 제공해왔습니다.','업무 효율성을 높이고 시간을 절약하는 다양한 기술을 배워, 실제 업무에 적용하는 것이 목표입니다.','기본적인 컴퓨터 및 스마트폰 사용 능력이 필요합니다.'),(18,_binary '','2024-08-22 07:45:00.000000',NULL,18,'117','디지털 마케팅 기초부터 고급까지: 실전 전략',NULL,'강의는 매주 목요일 오후 7시에 진행되며, 첫 수업은 2024년 9월 28일에 시작됩니다. 개인 노트북을 준비해주세요.','디지털 마케팅의 기본부터 고급 전략까지 배우는 강의로, 다양한 온라인 마케팅 도구와 데이터를 분석하는 방법을 다룹니다.','송지아 교수는 디지털 마케팅 분야에서 다수의 캠페인을 성공적으로 이끌었으며, 데이터 기반 마케팅 전략에 정통합니다.','디지털 마케팅의 기초부터 고급 전략까지 배우고, 이를 실전에서 활용하는 능력을 기르는 것이 목표입니다.','기본적인 마케팅 개념을 알고 있으면 좋습니다.'),(19,_binary '','2024-08-22 07:50:00.000000',NULL,19,'118','UI/UX 디자인 기초: 사용자 중심의 디자인 철학',NULL,'첫 수업은 2024년 9월 12일에 시작되며 매주 수요일 오후 2시에 진행됩니다. 디자인 도구는 사전에 안내드립니다.','사용자 경험(UX)과 사용자 인터페이스(UI)의 기초를 배우고, 실습을 통해 사용자 친화적인 디자인을 만드는 방법을 익힙니다.','이건우 교수는 UI/UX 디자인 전문가로, 여러 디지털 제품의 사용자 경험 설계를 성공적으로 이끌어낸 경력이 있습니다.','사용자 중심의 디자인을 이해하고, 이를 실전 프로젝트에 적용하는 것이 목표입니다.','기본적인 디자인 지식이 필요합니다.'),(20,_binary '','2024-08-22 07:55:00.000000',NULL,20,'119','영상 편집 마스터 클래스: 프리미어 프로 실습',NULL,'강의는 매주 화요일 오후 5시에 진행되며, 2024년 9월 19일 첫 수업이 시작됩니다. 개인 노트북과 프리미어 프로 설치가 필요합니다.','이 강의는 프리미어 프로를 사용하여 고급 영상 편집 기술을 배우는 과정입니다. 실제 프로젝트를 통해 편집 기법을 익히고, 영상의 완성도를 높이는 방법을 학습합니다.','정서현 교수는 영상 편집 전문가로, 다수의 영화 및 광고 편집 프로젝트를 수행한 경험이 있습니다.','영상 편집 기술을 숙달하고, 실제 작업에서 활용할 수 있는 실무 능력을 기르는 것이 목표입니다.','기본적인 컴퓨터 활용 능력이 필요합니다.'),(21,_binary '','2024-08-22 08:00:00.000000',NULL,21,'100','영어 회화: 실전에서 바로 쓰는 표현',NULL,'강의는 매주 화요일 오후 7시에 시작되며, 2024년 10월 1일 첫 수업이 진행됩니다. 준비물은 개인 노트북과 이어폰입니다.','이 강의는 실생활에서 바로 사용할 수 있는 영어 표현을 중점적으로 배우는 과정입니다. 대화 연습을 통해 자연스러운 회화를 목표로 합니다.','김서준 교수는 5년간 영어 회화 강의를 진행해 왔으며, 다양한 국제 무대에서의 경험을 바탕으로 실전적인 영어 교육을 제공합니다.','실전에서 영어 회화를 자유롭게 할 수 있도록 돕는 것이 목표입니다.','기본적인 영어 문법과 어휘가 있으면 좋습니다.'),(22,_binary '','2024-08-22 08:05:00.000000',NULL,22,'101','TOEIC 900점 달성 비법',NULL,'매주 수요일 오후 5시에 진행되며, 첫 수업은 2024년 10월 2일에 시작됩니다. 준비물은 토익 기출 문제집입니다.','이 강의는 TOEIC 시험 준비를 위한 전략과 실전 문제 풀이 방법을 배우는 과정입니다. 각 파트별 고득점 전략을 중점적으로 다룹니다.','이지아 강사는 TOEIC 고득점 달성을 위한 전략적인 접근법을 가르치며, 다년간의 경험을 바탕으로 수많은 학생들이 목표 점수를 달성할 수 있도록 도왔습니다.','TOEIC 시험에서 900점 이상을 달성하는 것을 목표로 합니다.','기본적인 영어 실력과 시험 경험이 필요합니다.'),(23,_binary '','2024-08-22 08:10:00.000000',NULL,23,'102','일본어 N1 대비 고급 회화',NULL,'첫 수업은 2024년 10월 3일에 시작되며, 매주 목요일 오후 7시에 진행됩니다. 교재는 사전에 안내드립니다.','일본어 능력 시험 N1을 준비하는 고급 일본어 학습자를 위한 강의입니다. 고급 회화와 작문, 독해 능력을 함께 향상시킵니다.','박하준 강사는 일본어 교육 전문가로, JLPT N1 시험을 위한 전략과 고급 회화 능력을 체계적으로 가르칩니다.','일본어 N1 시험에서 고득점을 달성하고, 실전에서 활용할 수 있는 고급 회화 능력을 기르는 것이 목표입니다.','JLPT N2 이상 혹은 이에 상응하는 일본어 실력이 필요합니다.'),(24,_binary '','2024-08-22 08:15:00.000000',NULL,24,'103','아이를 위한 창의력 개발 프로그램',NULL,'강의는 2024년 10월 4일 시작되며 매주 금요일 오전 10시에 진행됩니다. 준비물은 각종 미술 재료가 필요합니다.','이 강의는 아이들의 창의력과 문제 해결 능력을 개발하기 위한 다양한 활동을 제공합니다. 미술과 놀이를 접목한 창의력 훈련이 중점입니다.','정유나 교수는 유아 교육 전문가로, 창의력 교육과 놀이 치료를 접목한 프로그램을 다년간 진행해왔습니다.','아이들이 자유롭게 창의성을 발휘하고 문제 해결 능력을 기르는 것이 목표입니다.','특별한 사전 준비물은 없지만, 아이와 함께하는 참여가 필요합니다.'),(25,_binary '','2024-08-22 08:20:00.000000',NULL,25,'104','부모 교육: 자녀와의 소통 기술',NULL,'매주 월요일 오전 11시에 진행되며, 첫 수업은 2024년 10월 7일에 시작됩니다. 강의 중 실습 시간이 포함됩니다.','이 강의는 자녀와의 소통을 원활하게 하기 위한 다양한 기술과 방법을 배우는 과정입니다. 감정 이해와 공감 훈련을 중점으로 다룹니다.','최도현 교수는 부모 교육 전문가로서, 수많은 부모들에게 자녀와의 관계 개선을 위한 실질적인 조언을 제공해 왔습니다.','부모가 자녀와 효과적으로 소통하고, 감정을 이해할 수 있는 능력을 기르는 것이 목표입니다.','자녀와의 소통에 어려움을 겪는 부모님들에게 추천합니다.'),(20,_binary '','2024-08-22 08:25:00.000000',NULL,26,'105','3D 애니메이션 기초: 마야(Maya) 사용법',NULL,'첫 수업은 2024년 10월 8일에 시작되며 매주 화요일 오후 4시에 진행됩니다. 준비물은 개인 노트북과 Maya 소프트웨어가 필요합니다.','이 강의는 3D 애니메이션의 기초와 Maya 소프트웨어 사용법을 다룹니다. 캐릭터 모델링부터 애니메이션 제작 과정까지 실습을 통해 배웁니다.','윤지호 교수는 3D 애니메이션 분야에서 10년간 활동한 전문가로, 다수의 애니메이션 프로젝트에 참여한 경험이 있습니다.','기초 3D 모델링 기술을 익히고, 애니메이션을 직접 제작할 수 있는 능력을 기르는 것이 목표입니다.','기본적인 컴퓨터 사용 능력과 Maya 소프트웨어 설치가 필요합니다.'),(19,_binary '','2024-08-22 08:30:00.000000',NULL,27,'106','포토샵으로 배우는 웹디자인 기초',NULL,'강의는 매주 수요일 오후 5시에 진행되며, 첫 수업은 2024년 10월 9일에 시작됩니다. 준비물은 포토샵이 설치된 개인 노트북입니다.','이 강의는 포토샵을 사용하여 웹디자인의 기초를 배우는 과정입니다. 레이아웃 디자인, 색상 조합, 타이포그래피 등 웹디자인의 핵심 요소를 실습을 통해 배웁니다.','장민서 교수는 웹디자인 전문가로, 다수의 웹사이트 디자인 프로젝트를 성공적으로 수행한 경험이 있습니다.','기초적인 웹디자인 기술을 습득하고, 포토샵을 활용해 실전 디자인을 완성하는 것이 목표입니다.','포토샵 사용 경험이 있으면 좋습니다.'),(18,_binary '','2024-08-22 08:35:00.000000',NULL,28,'107','SNS 마케팅 전략: 인스타그램으로 브랜딩하기',NULL,'매주 목요일 오후 7시에 진행되며, 2024년 10월 10일 첫 수업이 시작됩니다. 개인 계정을 준비해 오세요.','이 강의는 인스타그램을 활용한 브랜드 마케팅 전략을 배우는 과정입니다. 계정 운영, 콘텐츠 기획, 팔로워 관리 등의 핵심 스킬을 다룹니다.','한예원 교수는 SNS 마케팅 전문가로, 다수의 브랜드가 인스타그램을 통해 성공적으로 성장할 수 있도록 컨설팅을 진행해 왔습니다.','인스타그램 계정을 운영하여 성공적으로 브랜드를 알리는 전략을 배우는 것이 목표입니다.','SNS 계정 운영 경험이 있으면 좋습니다.'),(17,_binary '','2024-08-22 08:40:00.000000',NULL,29,'108','업무 효율성을 높이는 타임 매니지먼트 기술',NULL,'강의는 매주 금요일 오전 9시에 진행되며, 2024년 10월 11일 첫 수업이 시작됩니다. 간단한 실습과 과제가 포함됩니다.','이 강의는 시간을 효율적으로 관리하는 방법을 배우는 과정입니다. 우선순위 설정, 일정 관리 도구 사용, 집중력 향상 기술을 학습합니다.','김시우 교수는 시간 관리 전문가로, 다수의 기업에서 시간 관리 및 생산성 향상 교육을 진행해 왔습니다.','시간을 효율적으로 활용하여 업무 생산성을 극대화하는 기술을 배우는 것이 목표입니다.','기본적인 일정 관리 도구 사용 경험이 있으면 좋습니다.'),(16,_binary '','2024-08-22 08:45:00.000000',NULL,30,'109','비즈니스 리더십: 성공적인 팀 관리 전략',NULL,'강의는 2024년 10월 12일에 시작되며 매주 월요일 오후 3시에 진행됩니다. 팀 관리에 대한 실습이 포함됩니다.','이 강의는 비즈니스 리더로서 팀을 효과적으로 관리하는 방법을 배우는 과정입니다. 팀 빌딩, 동기 부여, 성과 관리 등의 핵심 리더십 기술을 다룹니다.','신은서 교수는 리더십 개발 전문가로, 수많은 기업에서 팀 리더로서 성공적인 성과를 거둔 경험이 있습니다.','팀을 이끄는 리더로서의 역량을 강화하고, 성공적인 팀을 만드는 것이 목표입니다.','기본적인 비즈니스 운영 경험이 있으면 좋습니다.'),(1,_binary '','2024-08-22 08:50:00.000000',NULL,31,'110','디지털 드로잉: 초보자를 위한 감각적인 캐릭터 디자인',NULL,'첫 수업은 2024년 10월 15일에 시작되며, 매주 화요일 오후 2시에 진행됩니다. 준비물은 태블릿과 드로잉 소프트웨어입니다.','디지털 드로잉 초보자들을 위해 캐릭터 디자인 기초를 배웁니다. 감각적인 캐릭터 구성과 디테일한 표정, 포즈 잡는 법을 실습합니다.','오서연 교수는 디지털 일러스트 분야에서 10년 이상 경력을 쌓아왔으며, 캐릭터 디자인을 전문으로 합니다.','기초적인 캐릭터 디자인 기술을 익히고 자신만의 스타일을 만들어내는 것이 목표입니다.','기본적인 드로잉 경험이 있으면 좋습니다.'),(2,_binary '','2024-08-22 08:55:00.000000',NULL,32,'111','인체 드로잉 마스터 클래스: 동작과 비례의 이해',NULL,'강의는 매주 목요일 저녁 7시에 진행되며, 첫 수업은 2024년 10월 17일에 시작됩니다. 준비물은 드로잉 도구입니다.','인체 동작과 비례를 정확히 표현하는 기법을 배웁니다. 다양한 포즈와 동작을 연구하며 실전 드로잉 능력을 향상시킵니다.','류지성 교수는 인체 드로잉 전문가로서 다양한 프로젝트에서 캐릭터와 인체 표현을 맡아왔습니다.','인체의 비례와 자연스러운 동작을 정확히 그릴 수 있는 능력을 기르는 것이 목표입니다.','기초 드로잉 기술이 필요합니다.'),(3,_binary '','2024-08-22 09:00:00.000000',NULL,33,'112','나만의 공예 소품 만들기: 재료와 색상의 조화',NULL,'매주 월요일 오후 3시에 진행되며, 첫 수업은 2024년 10월 20일에 시작됩니다. 재료는 첫 수업에서 안내드립니다.','이 강의에서는 다양한 재료와 색상을 활용해 나만의 공예 소품을 만드는 과정을 배웁니다. 실습을 통해 창의력을 발휘할 수 있습니다.','김하린 교수는 공예 전문가로서, 다양한 재료와 디자인을 접목한 작품을 다수 제작한 경력이 있습니다.','나만의 개성 있는 공예 소품을 완성하고, 재료와 색상의 조화를 이해하는 것이 목표입니다.','기초 공예 기술이 필요합니다.'),(4,_binary '','2024-08-22 09:05:00.000000',NULL,34,'113','셰프의 비법을 배워보는 일식 요리 교실',NULL,'강의는 매주 금요일 오후 6시에 진행되며, 첫 수업은 2024년 10월 22일에 시작됩니다. 필요한 재료는 강의 전 안내드리겠습니다.','일식 요리의 기초부터 고급 요리 기술을 배웁니다. 신선한 재료를 사용해 전통 일식 요리를 완성하는 방법을 실습합니다.','백준서 셰프는 일본에서 요리 연수를 받은 경험을 바탕으로 정통 일식 요리를 가르칩니다.','정통 일식 요리의 기본 기술을 습득하고 고급 요리 기법을 배우는 것이 목표입니다.','기초 요리 기술이 필요합니다.'),(5,_binary '','2024-08-22 09:10:00.000000',NULL,35,'114','초급부터 시작하는 홈베이킹: 집에서 만드는 건강한 빵',NULL,'첫 수업은 2024년 10월 25일에 시작되며, 매주 토요일 오후 1시에 진행됩니다. 재료는 첫 수업 전 공지됩니다.','이 강의는 집에서 쉽게 따라할 수 있는 홈베이킹을 중점으로, 건강한 재료로 만드는 빵을 배웁니다. 오븐 사용법과 반죽법도 함께 익힙니다.','박다인 교수는 홈베이킹 전문가로, 다양한 건강 베이킹 레시피를 연구하고 강의한 경험이 있습니다.','집에서 쉽게 건강한 빵을 만들 수 있는 능력을 기르는 것이 목표입니다.','기초 베이킹 지식이 있으면 좋습니다.'),(6,_binary '','2024-08-22 09:15:00.000000',NULL,36,'115','기타 연주 심화 과정: 리듬과 멜로디의 조화',NULL,'강의는 매주 수요일 오후 4시에 진행되며, 첫 수업은 2024년 10월 27일에 시작됩니다. 기타와 튜너가 필요합니다.','기타 연주의 심화 과정을 통해 리듬과 멜로디를 조화롭게 연주하는 방법을 배웁니다. 다양한 장르의 곡을 실습하며 연주 실력을 향상시킵니다.','김도윤 교수는 다수의 밴드와 협업하며 기타 연주를 지도해온 전문가입니다.','리듬과 멜로디를 자유롭게 연주하며 다양한 장르의 곡을 소화할 수 있는 실력을 기르는 것이 목표입니다.','기본 기타 연주 경험이 필요합니다.'),(7,_binary '','2024-08-22 09:20:00.000000',NULL,37,'116','집에서 하는 요가: 몸과 마음의 균형 찾기',NULL,'첫 수업은 2024년 10월 30일에 시작되며, 매주 화요일 오전 9시에 진행됩니다. 요가 매트와 편한 운동복이 필요합니다.','이 강의는 집에서 간단히 할 수 있는 요가 동작을 통해 몸과 마음의 균형을 찾는 방법을 배웁니다. 각 동작의 정확한 자세와 호흡법을 익힙니다.','조하율 요가 강사는 10년간 요가 수업을 지도해왔으며, 특히 홈 요가 프로그램에 탁월한 전문성을 보유하고 있습니다.','건강한 신체와 정신을 유지하기 위한 요가 동작을 익히고, 일상에 적용하는 것이 목표입니다.','초보자도 쉽게 따라 할 수 있습니다.'),(8,_binary '','2024-08-22 09:25:00.000000',NULL,38,'117','자기계발을 위한 실천적 라이프스타일 코칭',NULL,'강의는 매주 금요일 오후 2시에 진행되며, 첫 수업은 2024년 11월 1일에 시작됩니다. 라이프스타일 계획표를 준비해 주세요.','이 강의는 자신의 삶을 개선하고 효율적으로 살아가기 위한 라이프스타일 코칭 프로그램입니다. 실천적이고 구체적인 계획을 세워 변화를 이루는 방법을 배웁니다.','송지아 코치는 라이프스타일 개선 코칭 전문가로, 다양한 연령층의 사람들에게 효과적인 코칭을 제공해 왔습니다.','자기계발과 라이프스타일 개선을 위한 구체적인 목표를 설정하고, 이를 실천하는 방법을 배우는 것이 목표입니다.','변화를 위한 열린 마음과 실천 의지가 필요합니다.'),(9,_binary '','2024-08-22 09:30:00.000000',NULL,39,'118','사진 촬영과 보정의 완벽한 조화: 라이트룸 활용법',NULL,'첫 수업은 2024년 11월 5일에 시작되며, 매주 월요일 오후 6시에 진행됩니다. 카메라와 라이트룸 소프트웨어가 필요합니다.','이 강의는 사진 촬영 후 보정 작업의 중요성을 배우며, 라이트룸을 활용한 사진 보정 방법을 중점적으로 다룹니다. 촬영한 사진을 보다 완성도 높게 만드는 기술을 학습합니다.','이건우 사진가는 다양한 전시회와 프로젝트에서 활동하며, 사진 보정에 대한 깊이 있는 연구를 해왔습니다.','촬영 후 보정 과정을 통해 사진의 완성도를 높이는 능력을 기르는 것이 목표입니다.','기본적인 사진 촬영 경험이 있으면 좋습니다.'),(10,_binary '','2024-08-22 09:35:00.000000',NULL,40,'119','투자 초보자를 위한 기초 금융 상식',NULL,'강의는 매주 목요일 오전 10시에 진행되며, 첫 수업은 2024년 11월 8일에 시작됩니다. 준비물은 개인 노트북과 계산기입니다.','이 강의는 투자 초보자를 위해 금융 기초 지식을 배웁니다. 다양한 금융 상품과 투자 전략에 대한 기본 개념을 학습하고, 안전하게 투자하는 방법을 익힙니다.','정서현 교수는 금융 컨설팅 전문가로, 개인 투자자들을 위한 맞춤형 금융 교육을 진행해왔습니다.','기초 금융 상식을 습득하고, 안전한 투자 전략을 세울 수 있는 능력을 기르는 것이 목표입니다.','기본적인 재무 지식이 필요합니다.'),(11,_binary '','2024-08-22 09:40:00.000000',NULL,41,'100','창업 아이디어 발굴부터 실행까지: 성공 창업 노하우',NULL,'강의는 2024년 11월 10일 시작되며, 매주 화요일 오후 2시에 진행됩니다. 준비물은 개인 노트북입니다.','이 강의는 창업 초보자들이 창업 아이디어를 발굴하고, 이를 실제 비즈니스로 실행할 수 있도록 돕는 과정입니다. 아이디어 구체화, 자금 조달, 사업 계획서 작성까지 배웁니다.','김서준 교수는 다수의 스타트업을 성공적으로 창업한 경험이 있으며, 현재도 여러 창업 프로젝트에 자문을 제공하고 있습니다.','창업 아이디어를 구체화하고 이를 실현하는 전략을 익히는 것이 목표입니다.','기본적인 비즈니스 기획 능력이 있으면 좋습니다.'),(12,_binary '','2024-08-22 09:45:00.000000',NULL,42,'101','성공적인 마인드셋: 인생을 바꾸는 사고방식',NULL,'첫 수업은 2024년 11월 12일에 시작되며, 매주 목요일 오후 7시에 진행됩니다. 준비물은 필기구와 노트입니다.','이 강의는 성공적인 인생을 살기 위해 필수적인 긍정적 마인드셋과 자신감을 기르는 방법을 배웁니다. 사고방식의 변화를 통해 더 나은 결과를 얻는 기술을 익힙니다.','이지아 교수는 마인드셋 코칭 전문가로, 다수의 개인과 기업을 대상으로 자기계발과 성공적인 사고방식에 대한 강연을 해왔습니다.','긍정적인 사고방식을 개발하고, 이를 통해 삶에서 더 큰 성과를 내는 것이 목표입니다.','열린 마음과 실천 의지가 필요합니다.'),(13,_binary '','2024-08-22 09:50:00.000000',NULL,43,'102','코딩 초보자를 위한 Python 기초 과정',NULL,'강의는 2024년 11월 15일에 시작되며, 매주 토요일 오전 10시에 진행됩니다. 준비물은 개인 노트북입니다.','이 강의는 프로그래밍 경험이 없는 초보자들을 위해 Python의 기초 문법부터 시작하여 실습 중심으로 진행됩니다. 간단한 프로젝트를 통해 실전 프로그래밍 스킬을 배웁니다.','박하준 교수는 소프트웨어 개발 전문가로, 다수의 Python 프로젝트를 수행한 경력이 있습니다.','Python을 사용한 프로그래밍 기초를 습득하고, 실전에서 활용할 수 있는 능력을 기르는 것이 목표입니다.','프로그래밍 경험이 없어도 수강 가능합니다.'),(14,_binary '','2024-08-22 09:55:00.000000',NULL,44,'103','데이터 시각화: Python과 Tableau로 배우는 실전 데이터 분석',NULL,'첫 수업은 2024년 11월 17일에 시작되며, 매주 월요일 오후 3시에 진행됩니다. 개인 노트북과 Python 설치가 필요합니다.','이 강의는 데이터를 효과적으로 분석하고 시각화하는 방법을 배웁니다. Python과 Tableau를 사용하여 실전 데이터 분석 프로젝트를 진행합니다.','정유나 교수는 데이터 분석 전문가로, 다수의 프로젝트에서 데이터를 기반으로 한 비즈니스 전략을 수립해왔습니다.','데이터 시각화 기술을 배우고, 이를 통해 데이터에서 통찰을 얻는 능력을 기르는 것이 목표입니다.','기초 Python 문법과 통계 지식이 있으면 좋습니다.'),(15,_binary '','2024-08-22 10:00:00.000000',NULL,45,'104','제품 기획: 시장 조사부터 실행 전략까지',NULL,'강의는 매주 수요일 오후 4시에 진행되며, 첫 수업은 2024년 11월 19일에 시작됩니다. 시장 조사 자료 준비가 필요합니다.','이 강의는 성공적인 제품 기획을 위한 전 과정을 다룹니다. 시장 조사 방법론, 타겟 설정, 실행 전략까지 체계적으로 배울 수 있습니다.','최도현 교수는 제품 기획 전문가로서 다수의 글로벌 기업에서 제품 기획 프로젝트를 이끌어 온 경력을 가지고 있습니다.','시장에서 성공할 수 있는 제품을 기획하고 실행 전략을 수립하는 것이 목표입니다.','기초적인 시장 조사 경험이 있으면 좋습니다.'),(16,_binary '','2024-08-22 10:05:00.000000',NULL,46,'105','비즈니스 성공을 위한 협상 기술',NULL,'첫 수업은 2024년 11월 22일에 시작되며, 매주 금요일 오전 9시에 진행됩니다. 실습을 통해 다양한 협상 전략을 배웁니다.','이 강의는 성공적인 비즈니스 협상을 이끌어내기 위한 전략과 기술을 배우는 과정입니다. 실제 사례를 바탕으로 실전 협상 기법을 익힙니다.','윤지호 교수는 협상 전문가로, 다수의 글로벌 협상 프로젝트에서 성과를 거둔 경험을 바탕으로 협상 기술을 가르칩니다.','협상 전략을 체계적으로 배우고, 실전에서 이를 효과적으로 적용하는 능력을 기르는 것이 목표입니다.','기본적인 비즈니스 운영 지식이 있으면 좋습니다.'),(17,_binary '','2024-08-22 10:10:00.000000',NULL,47,'106','시간 관리와 생산성 향상 기법: 효율적인 일상 만들기',NULL,'강의는 매주 월요일 오전 9시에 진행되며, 첫 수업은 2024년 11월 25일에 시작됩니다. 간단한 실습과 계획표 작성을 진행합니다.','이 강의는 시간을 효율적으로 관리하고 생산성을 극대화하는 방법을 배웁니다. 일상에서 바로 적용할 수 있는 다양한 도구와 기법을 학습합니다.','장민서 교수는 시간 관리와 생산성 향상에 대한 컨설팅을 제공하며, 다양한 워크숍을 통해 수많은 개인과 기업에게 도움을 주었습니다.','효율적인 시간 관리 기법을 통해 생산성을 향상시키고, 일상에서 이를 실천하는 능력을 기르는 것이 목표입니다.','기본적인 시간 관리 도구 사용 경험이 있으면 좋습니다.'),(18,_binary '','2024-08-22 10:15:00.000000',NULL,48,'107','디지털 마케팅의 모든 것: 페이스북 광고부터 분석까지',NULL,'첫 수업은 2024년 11월 27일에 시작되며, 매주 화요일 오후 5시에 진행됩니다. 개인 노트북과 페이스북 광고 계정이 필요합니다.','이 강의는 디지털 마케팅 초보자들을 위해 페이스북 광고를 중심으로 디지털 광고의 기본 개념과 실전 기법을 배웁니다. 광고 데이터를 분석하고, 이를 통해 성과를 향상시키는 방법을 학습합니다.','한예원 교수는 디지털 마케팅 전문가로서, 다양한 브랜드의 광고 캠페인을 성공적으로 이끈 경험을 가지고 있습니다.','페이스북 광고 운영을 통해 디지털 마케팅 성과를 극대화하는 것이 목표입니다.','기초적인 마케팅 지식이 있으면 좋습니다.'),(19,_binary '','2024-08-22 10:20:00.000000',NULL,49,'108','UX 디자인 실무: 사용자 중심의 웹사이트 설계',NULL,'강의는 2024년 12월 1일 시작되며, 매주 목요일 오후 6시에 진행됩니다. 개인 노트북과 디자인 도구가 필요합니다.','이 강의는 UX 디자인의 기초부터 실제 웹사이트 설계까지 다룹니다. 사용자 경험을 최적화하기 위한 다양한 디자인 기법을 실습합니다.','김시우 교수는 UX 디자인 전문가로, 다수의 웹사이트와 애플리케이션 UX 설계를 성공적으로 수행한 경력을 가지고 있습니다.','사용자 중심의 웹사이트를 설계하고, 이를 실무에 적용할 수 있는 능력을 기르는 것이 목표입니다.','기본적인 디자인 도구 사용 경험이 있으면 좋습니다.'),(20,_binary '','2024-08-22 10:25:00.000000',NULL,50,'109','영상 편집 심화 과정: 다빈치 리졸브를 활용한 색보정 기법',NULL,'강의는 매주 금요일 오후 7시에 진행되며, 2024년 12월 3일에 첫 수업이 시작됩니다. 다빈치 리졸브 소프트웨어가 필요합니다.','이 강의는 다빈치 리졸브를 사용하여 고급 영상 색보정 기술을 배우는 심화 과정입니다. 다양한 영상의 색감을 조정하고 작품을 더욱 돋보이게 만드는 기술을 익힙니다.','신은서 교수는 영상 색보정 전문가로, 다수의 영화 및 광고 프로젝트에서 색보정을 담당한 경력이 있습니다.','고급 색보정 기술을 익히고, 이를 통해 영상을 더욱 생동감 있게 표현하는 능력을 기르는 것이 목표입니다.','기초적인 영상 편집 경험이 필요합니다.'),(2,_binary '\0','2024-09-04 16:12:56.753898','2024-09-13 08:42:10.381560',77,'3679445680','왜 안돼',NULL,NULL,'짜증나','되라고','돼라','안녕'),(5,_binary '\0','2024-09-04 16:19:11.551551','2024-09-24 05:59:28.984796',78,'3679461327','개 큰 강의 시작',NULL,NULL,'우주를 정복한다구요','','우주 정복',''),(7,_binary '\0','2024-09-04 16:20:56.124751','2024-09-24 05:59:36.027058',79,'3679461327','아침 운동 두 번이면 죽는 헤이즐리',NULL,NULL,'그러나 강사는 디져버린','안녕하세요 헤이즐리입니다','컨디션 관리','없습니다'),(13,_binary '\0','2024-09-04 16:22:51.106689',NULL,80,'3679445364','C++ 쉽게 배우기','https://nemo-s3.s3.ap-northeast-2.amazonaws.com/1f9ebe57-2%E1%84%89%E1%85%B3%E1%84%8F%E1%85%B3%E1%84%85%E1%85%B5%E1%86%AB%E1%84%89%E1%85%A3%E1%86%BA%202024-08-24%20%E1%84%8B%E1%85%A9%E1%84%92%E1%85%AE%208.32.58.png','기존 언어에 대한 지식이 요구됩니다.\n컴퓨터 메모리에 대해서도 배웁니다.','C++의 이론부터 실습까지 준비를 도와드립니다.','경희대학교 컴퓨터공학과 졸\n삼성SDS 근무 희망 중','C++를 통해 로우레벨의 언어를 이해한다.',''),(2,_binary '\0','2024-09-05 09:32:17.287739','2024-09-24 05:52:12.482801',81,'3673226076','New Classroom',NULL,'수업 시작 전 준비해주세요','어쩔 강의입니다.','Experienced instructor','Learning React','No prerequisites'),(2,_binary '\0','2024-09-08 15:44:17.445720',NULL,82,'3673226076','New Classroom',NULL,'수업 시작 전 준비해주세요','어쩔 강의입니다.','Experienced instructor','Learning React','No prerequisites'),(2,_binary '\0','2024-09-08 15:53:29.092133','2024-09-09 04:45:25.068941',83,'3679445680','New Classroom',NULL,'수업 시작 전 준비해주세요','어쩔 강의입니다.','Experienced instructor','Learning React','No prerequisites'),(2,_binary '\0','2024-09-09 09:30:31.900399','2024-09-09 04:46:05.747018',84,'3679445680','New Classroom',NULL,'수업 시작 전 준비해주세요','어쩔 강의입니다.','Experienced instructor','Learning React','No prerequisites'),(2,_binary '\0','2024-09-09 09:31:39.324154','2024-09-09 04:46:37.719278',85,'3679445680','New Classroom',NULL,'수업 시작 전 준비해주세요','어쩔 강의입니다.','Experienced instructor','Learning React','No prerequisites'),(4,_binary '\0','2024-09-09 11:30:44.230749','2024-09-24 05:59:41.839041',86,'3679461327','dd',NULL,NULL,'dd','','dd',''),(7,_binary '\0','2024-09-09 11:50:03.287916','2024-09-24 05:59:47.132415',87,'3679461327','ㅇㄴㄹㅇㄴ',NULL,NULL,'ㄴㅇㄹ','','ㄴㅇㄹㄴㅇㄹ',''),(5,_binary '\0','2024-09-09 11:54:41.502558','2024-09-24 05:59:51.775038',88,'3679461327','ㅇㄹㄴ',NULL,NULL,'ㄹㅇㄴㄹㄴㅇㄹㄴㄹ','','ㄹㄴㅇㄹㄴ',''),(3,_binary '\0','2024-09-09 12:31:17.863189','2024-09-24 05:16:26.397966',89,'3679461327','ㄹㄴㅇㅁㄹ',NULL,NULL,'ㄹㄴㄹㄴㄹ','','ㄴㄹㄴㅁㅇ',NULL),(5,_binary '\0','2024-09-09 12:32:20.115701','2024-09-24 05:59:57.307846',90,'3679461327','얍삐',NULL,NULL,'리리리','','리릴',NULL),(3,_binary '\0','2024-09-09 12:43:19.749043','2024-09-24 06:00:04.060583',91,'3679461327','sdfsf',NULL,NULL,'fsfsdfds','','fsd',NULL),(5,_binary '\0','2024-09-09 13:01:48.083035',NULL,92,'3698499398','첸의 빵굽기 강의',NULL,NULL,'1. 반죽하기\n2. 숙성하기\n3. 빵 굽기\n4. 먹기','첸입니다','빵을 구울 수 있게 된다.','밀가루 물 계란 서금'),(9,_binary '\0','2024-09-09 13:47:27.014211',NULL,93,'3679445680','당신도 모델될 수 있다',NULL,NULL,'사진사진사진','나는짱','모델모델모델','짱비싼카메라'),(2,_binary '\0','2024-09-09 16:26:29.894538','2024-09-24 05:16:03.286615',94,'3679461327','New Classroom',NULL,'수업 시작 전 준비해주세요','어쩔 강의입니다.','Experienced instructor','Learning React','No prerequisites'),(2,_binary '\0','2024-09-09 16:38:19.316664','2024-09-24 05:15:43.732935',95,'3679461327','New Classroom',NULL,'수업 시작 전 준비해주세요','어쩔 강의입니다.','Experienced instructor','Learning React','No prerequisites'),(2,_binary '\0','2024-09-09 17:40:56.140200','2024-09-24 05:15:51.689956',96,'3679461327','New Classroom',NULL,'수업 시작 전 준비해주세요','어쩔 강의입니다.','Experienced instructor','Learning React','No prerequisites'),(22,_binary '\0','2024-09-10 20:00:46.679938',NULL,97,'3679445680','니들이 도길을 알아?',NULL,NULL,'hallo ich bin kartoffel','ich heisse mia','도길어를 배우자','germany가 아니라 deutschland'),(7,_binary '\0','2024-09-11 10:34:50.773151',NULL,98,'3701077599','이안과 함께하는 헬스',NULL,NULL,'같이 운동을 해봅시다','','여름 상탈',NULL),(13,_binary '\0','2024-09-11 10:37:12.321175',NULL,99,'3701077855','준원의 리액트 강의 ',NULL,NULL,'벡엔드는 프론트엔드로 모두 가라 ','여러분들을 프론트엔드로 만들게씁니다','벡엔드를 프론트엔드로','너도 리액트 할 수 있어 '),(19,_binary '\0','2024-09-11 10:37:12.934424',NULL,100,'3701078075','UX/UI 입문',NULL,NULL,'디자인 배우고 싶은 사람 드루와','','화면 디자인 배우기',NULL),(2,_binary '\0','2024-09-13 17:25:18.240520','2024-09-13 17:40:50.947484',101,'3673226076','New Classroom',NULL,'수업 시작 전 준비해주세요','어쩔 강의입니다.','Experienced instructor','Learning React','No prerequisites'),(2,_binary '\0','2024-09-16 16:22:05.570387','2024-09-24 06:00:13.096144',102,'3679461327','New Classroom',NULL,'수업 시작 전 준비해주세요','어쩔 강의입니다.','Experienced instructor','Learning React','No prerequisites'),(2,_binary '\0','2024-09-16 16:28:04.590415','2024-09-24 06:00:29.645666',103,'3679461327','New Classroom','https://nemo-s3.s3.ap-northeast-2.amazonaws.com/9d05759f-fIMG_5039.JPG','수업 시작 전 준비해주세요','테스트 강의입니다.','Experienced instructor','Learning React','No prerequisites'),(2,_binary '\0','2024-09-16 16:32:24.535166',NULL,104,'3673226076','New Classroom',NULL,'수업 시작 전 준비해주세요','어쩔 강의입니다.','Experienced instructor','Learning React','No prerequisites'),(13,_binary '\0','2024-09-16 17:59:33.935600','2024-09-24 06:00:34.978367',105,'3679461327','코딩이 하고 싶으세요?',NULL,NULL,'하하하','','그럼 하면 됩니다',NULL),(13,_binary '\0','2024-09-21 20:13:38.470769',NULL,106,'3673226076','주디의 행복 프론트 강의',NULL,NULL,'프론트 공부하자','','행복해지기',NULL),(6,_binary '\0','2024-09-23 07:50:02.198539',NULL,107,'3679445680','music is my life',NULL,NULL,'rock n roll','졸려요','yeah','하... '),(12,_binary '\0','2024-09-24 14:16:46.698073',NULL,108,'3679445364','그대들은 어떻게 살 것인가','https://nemo-s3.s3.ap-northeast-2.amazonaws.com/59fefc75-8%E1%84%87%E1%85%A2%E1%84%82%E1%85%A5.jpg','*자유를 추구하는 만큼 랜덤하게 진행됩니다.\n*그대들이 힘든 그날 제가 찾아갑니다.','우리들은 삶을 살아가며 여러 아픔을 겪어왔습니다.\n이제 삶이란 무엇인지 회고하며 아픔을 이겨냅시다.','- 경희대학교 컴퓨터 공학과 졸\n- 삼성SDS SW개발 근무 희망중','우리의 삶을 회고하는 시간을 가집시다','- 필요한건 인격을 지닌 그대'),(6,_binary '\0','2024-09-24 14:30:28.339718',NULL,109,'3679461327','히히','https://nemo-s3.s3.ap-northeast-2.amazonaws.com/336fb102-1image-1156.png',NULL,'얍삐~~','','우후호','ㄹㄴㄹㄴㅇㄹ'),(2,_binary '\0','2024-09-24 14:48:25.938681','2024-09-25 05:01:57.323781',110,'3679461327','New Classroom','https://nemo-s3.s3.ap-northeast-2.amazonaws.com/248911f8-7%E1%84%92%E1%85%A2%E1%84%8C%E1%85%AE%E1%84%89%E1%85%A6%E1%84%8B%E1%85%AD.png','수업 시작 전 준비해주세요','어쩔 강의입니다.','Experienced instructor','Learning React','No prerequisitesfdsfasfds'),(2,_binary '\0','2024-09-24 14:49:48.795724',NULL,111,'3679461327','New Classroom길게쓰기길게쓰기길게쓰기길게쓰기길게쓰기길게쓰기길게쓰기길게쓰기길게쓰기길게쓰기길게쓰기길게쓰기길게쓰기길게쓰기길게쓰기길게쓰기길게쓰기','https://nemo-s3.s3.ap-northeast-2.amazonaws.com/82edb8fa-7IMG_5039.JPG','수업 시작 전 준비해주세요\n감자먹기\n울기\n슬퍼지말기\n그냥 울기\n행복해지기\n그래도 슬프기\n길게쓰기길게쓰기길게쓰기길게쓰기길게쓰기길게쓰기길게쓰기길게쓰기길게쓰기길게쓰기길게쓰기길게쓰기길게쓰기길게쓰기길게쓰기길게쓰기길게쓰기','어쩔 강의입니다.','Experienced instructor','Learning React','No prerequisites'),(5,_binary '\0','2024-09-24 14:59:05.280113',NULL,112,'3679461327','테스트',NULL,NULL,'삭제되기','','삭제',NULL),(4,_binary '\0','2024-09-24 15:11:30.480535',NULL,113,'3679461327','테스트ㅇㅇ','https://nemo-s3.s3.ap-northeast-2.amazonaws.com/ae6d93b6-42b602ed1-d29O9FX10T6_1.jpg','ㅇㅇㅇ','후후ㅇㅇㅇ','ㅇㅇ','우뿌뿌ㅇㅇㅇㅇ',NULL),(1,_binary '\0','2024-09-24 15:13:38.835904',NULL,114,'3673226076','ㅁㅁㅁㅁ',NULL,NULL,'ㅁㅁㅁ','ㅁㅁ','ㅁㅁㅁㅁ','ㅁㅁㅁ'),(2,_binary '\0','2024-09-24 22:32:47.698319',NULL,115,'3679461327','즐리의 그림그리기','https://nemo-s3.s3.ap-northeast-2.amazonaws.com/bab190d6-e%E1%84%8C%E1%85%A5%E1%86%A8%E1%84%8A%E1%85%B3%E1%84%86%E1%85%A1%E1%86%AD%E1%84%80%E1%85%A1%E1%86%B7.png',NULL,'행복해집시다','','야호!',NULL),(3,_binary '\0','2024-09-25 13:34:45.103681',NULL,116,'3679461327','dfsdafdsfsdafsfasfdsfaf','https://nemo-s3.s3.ap-northeast-2.amazonaws.com/f59cf4c0-1IMG_5039.JPG',NULL,'dfsdafdsfsdafsfasfdsfafdfsdafdsfsdafsfasfdsfafdfsdafdsfsdafsfasfdsfafdfsdafdsfsdafsfasfdsfafdfsdafdsfsdafsfasfdsfafdfsdafdsfsdafsfasfdsfafdfsdafdsfsdafsfasfdsfafdfsdafdsfsdafsfasfdsfafdfsdafdsfsdafsfasfdsfafdfsdafdsfsdafsfasfdsfafdfsdafdsfsdafsfasfdsfafdfsdafdsfsdafsfasfdsfafdfsdafdsfsdafsfasfdsfafdfsdafdsfsdafsfasfdsfafdfsdafdsfsdafsfasfdsfafdfsdafdsfsdafsfasfdsfafdfsdafdsfsdafsfasfdsfafdfsdafdsfsdafsfasfdsfafdfsdafdsfsdafsfasfdsfafdfsdafdsfsdafsfasfdsfafdfsdafdsfsdafsfasfdsfafdfsdafdsfsdafsfasfdsfafdfsdafdsfsdafsfasfdsfafdfsdafdsfsdafsfasfdsfafdfsdafdsfsdafsfasfdsfafdfsdafdsfsdafsfasfdsfafdfsdafdsfsdafsfasfdsfaf','dfsdafdsfsdafsfasfdsfafdfsdafdsfsdafsfasfdsfafdfsdafdsfsdafsfasfdsfafdfsdafdsfsdafsfasfdsfafdfsdafdsfsdafsfasfdsfafdfsdafdsfsdafsfasfdsfafdfsdafdsfsdafsfasfdsfafdfsdafdsfsdafsfasfdsfafdfsdafdsfsdafsfasfdsfafdfsdafdsfsdafsfasfdsfafdfsdafdsfsdafsfasfdsfafdfsdafdsfsdafsfasfdsfafdfsdafdsfsdafsfasfdsfafdfsdafdsfsdafsfasfdsfafdfsdafdsfsdafsfasfdsfaf','dfsdafdsfsdafsfasfdsfafdfsdafdsfsdafsfasfdsfafdfsdafdsfsdafsfasfdsfafdfsdafdsfsdafsfasfdsfafdfsdafdsfsdafsfasfdsfafdfsdafdsfsdafsfasfdsfafdfsdafdsfsdafsfasfdsfafdfsdafdsfsdafsfasfdsfafdfsdafdsfsdafsfasfdsfafdfsdafdsfsdafsfasfdsfafdfsdafdsfsdafsfasfdsfafdfsdafdsfsdafsfasfdsfafdfsdafdsfsdafsfasfdsfafdfsdafdsfsdafsfasfdsfafdfsdafdsfsdafsfasfdsfafdfsdafdsfsdafsfasfdsfafdfsdafdsfsdafsfasfdsfafdfsdafdsfsdafsfasfdsfafdfsdafdsfsdafsfasfdsfafdfsdafdsfsdafsfasfdsfafdfsdafdsfsdafsfasfdsfafdfsdafdsfsdafsfasfdsfafdfsdafdsfsdafsfasfdsfaf','dfsdafdsfsdafsfasfdsfafdfsdafdsfsdafsfasfdsfafdfsdafdsfsdafsfasfdsfafdfsdafdsfsdafsfasfdsfafdfsdafdsfsdafsfasfdsfafdfsdafdsfsdafsfasfdsfafdfsdafdsfsdafsfasfdsfafdfsdafdsfsdafsfasfdsfafdfsdafdsfsdafsfasfdsfafdfsdafdsfsdafsfasfdsfafdfsdafdsfsdafsfasfdsfafdfsdafdsfsdafsfasfdsfafdfsdafdsfsdafsfasfdsfafdfsdafdsfsdafsfasfdsfafdfsdafdsfsdafsfasfdsfafdfsdafdsfsdafsfasfdsfafdfsdafdsfsdafsfasfdsfafdfsdafdsfsdafsfasfdsfafdfsdafdsfsdafsfasfdsfafdfsdafdsfsdafsfasfdsfaf'),(7,_binary '\0','2024-09-25 14:42:22.368885',NULL,117,'3679445364','스티븐의 복싱 트레이닝','https://nemo-s3.s3.ap-northeast-2.amazonaws.com/2d985e87-e%E1%84%80%E1%85%A5%E1%86%B7%E1%84%80%E1%85%A2%E1%86%A8.jpeg','기초를 튼튼하게\n마음을 강하게','맘에 안드는 사람이 있으시다고요?\n퇴사 직전인데 벼르고 있는 사람이 있다고요?\n그럴때는 이 강의를 보세요\n\n그사람의 턱에 카운터 훅이 먹히는 그 순간을 위해\nlet\'s box!','폐관 수련 3년\n강한 주먹을 위한 벽치기 3년\n강한 정신력을 위한 음주가무 7년차\n야차룰 길거리 싸움 관전 5회','복싱을 통한 육체, 정신적 성장을 추구한다','- 주먹이 달려있는가\n- 다리가 있는가');
/*!40000 ALTER TABLE `classrooms` ENABLE KEYS */;
UNLOCK TABLES;

--
-- Table structure for table `participants`
--

DROP TABLE IF EXISTS `participants`;
/*!40101 SET @saved_cs_client     = @@character_set_client */;
/*!50503 SET character_set_client = utf8mb4 */;
CREATE TABLE `participants` (
  `classroom_id` bigint NOT NULL,
  `created_at` datetime(6) NOT NULL,
  `id` bigint NOT NULL AUTO_INCREMENT,
  `user_id` varchar(60) NOT NULL,
  PRIMARY KEY (`id`),
  KEY `FKt5gyjckigl1legqtux7acbubu` (`classroom_id`),
  KEY `FKghixrahoj1s8cloinfx8lyeqa` (`user_id`),
  CONSTRAINT `FKghixrahoj1s8cloinfx8lyeqa` FOREIGN KEY (`user_id`) REFERENCES `users` (`id`),
  CONSTRAINT `FKt5gyjckigl1legqtux7acbubu` FOREIGN KEY (`classroom_id`) REFERENCES `classrooms` (`id`)
) ENGINE=InnoDB AUTO_INCREMENT=426 DEFAULT CHARSET=utf8mb4 COLLATE=utf8mb4_0900_ai_ci;
/*!40101 SET character_set_client = @saved_cs_client */;

--
-- Dumping data for table `participants`
--

LOCK TABLES `participants` WRITE;
/*!40000 ALTER TABLE `participants` DISABLE KEYS */;
INSERT INTO `participants` VALUES (1,'2024-08-22 07:00:00.000000',1,'120'),(1,'2024-08-22 07:01:00.000000',2,'121'),(1,'2024-08-22 07:02:00.000000',3,'122'),(1,'2024-08-22 07:03:00.000000',4,'123'),(1,'2024-08-22 07:04:00.000000',5,'124'),(2,'2024-08-22 07:05:00.000000',6,'125'),(2,'2024-08-22 07:06:00.000000',7,'126'),(2,'2024-08-22 07:07:00.000000',8,'127'),(2,'2024-08-22 07:08:00.000000',9,'128'),(2,'2024-08-22 07:09:00.000000',10,'129'),(2,'2024-08-22 07:10:00.000000',11,'130'),(3,'2024-08-22 07:11:00.000000',12,'131'),(3,'2024-08-22 07:12:00.000000',13,'132'),(3,'2024-08-22 07:13:00.000000',14,'133'),(3,'2024-08-22 07:14:00.000000',15,'134'),(3,'2024-08-22 07:15:00.000000',16,'135'),(4,'2024-08-22 07:16:00.000000',17,'136'),(4,'2024-08-22 07:17:00.000000',18,'137'),(4,'2024-08-22 07:18:00.000000',19,'138'),(4,'2024-08-22 07:19:00.000000',20,'139'),(4,'2024-08-22 07:20:00.000000',21,'140'),(5,'2024-08-22 07:21:00.000000',22,'141'),(5,'2024-08-22 07:22:00.000000',23,'142'),(5,'2024-08-22 07:23:00.000000',24,'143'),(5,'2024-08-22 07:24:00.000000',25,'144'),(5,'2024-08-22 07:25:00.000000',26,'145'),(6,'2024-08-22 07:26:00.000000',27,'146'),(6,'2024-08-22 07:27:00.000000',28,'147'),(6,'2024-08-22 07:28:00.000000',29,'148'),(6,'2024-08-22 07:29:00.000000',30,'149'),(6,'2024-08-22 07:30:00.000000',31,'150'),(7,'2024-08-22 07:31:00.000000',32,'151'),(7,'2024-08-22 07:32:00.000000',33,'152'),(7,'2024-08-22 07:33:00.000000',34,'153'),(7,'2024-08-22 07:34:00.000000',35,'154'),(7,'2024-08-22 07:35:00.000000',36,'155'),(8,'2024-08-22 07:36:00.000000',37,'156'),(8,'2024-08-22 07:37:00.000000',38,'157'),(8,'2024-08-22 07:38:00.000000',39,'158'),(8,'2024-08-22 07:39:00.000000',40,'159'),(8,'2024-08-22 07:40:00.000000',41,'160'),(9,'2024-08-22 07:41:00.000000',42,'161'),(9,'2024-08-22 07:42:00.000000',43,'162'),(9,'2024-08-22 07:43:00.000000',44,'163'),(9,'2024-08-22 07:44:00.000000',45,'164'),(9,'2024-08-22 07:45:00.000000',46,'165'),(10,'2024-08-22 07:46:00.000000',47,'166'),(10,'2024-08-22 07:47:00.000000',48,'167'),(10,'2024-08-22 07:48:00.000000',49,'168'),(10,'2024-08-22 07:49:00.000000',50,'169'),(11,'2024-08-22 07:50:00.000000',51,'120'),(11,'2024-08-22 07:51:00.000000',52,'121'),(11,'2024-08-22 07:52:00.000000',53,'122'),(11,'2024-08-22 07:53:00.000000',54,'123'),(11,'2024-08-22 07:54:00.000000',55,'124'),(11,'2024-08-22 07:55:00.000000',56,'125'),(11,'2024-08-22 07:56:00.000000',57,'126'),(11,'2024-08-22 07:57:00.000000',58,'127'),(12,'2024-08-22 07:58:00.000000',59,'128'),(12,'2024-08-22 07:59:00.000000',60,'129'),(12,'2024-08-22 08:00:00.000000',61,'130'),(12,'2024-08-22 08:01:00.000000',62,'131'),(12,'2024-08-22 08:02:00.000000',63,'132'),(12,'2024-08-22 08:03:00.000000',64,'133'),(12,'2024-08-22 08:04:00.000000',65,'134'),(12,'2024-08-22 08:05:00.000000',66,'135'),(12,'2024-08-22 08:06:00.000000',67,'136'),(13,'2024-08-22 08:07:00.000000',68,'137'),(13,'2024-08-22 08:08:00.000000',69,'138'),(13,'2024-08-22 08:09:00.000000',70,'139'),(13,'2024-08-22 08:10:00.000000',71,'140'),(13,'2024-08-22 08:11:00.000000',72,'141'),(13,'2024-08-22 08:12:00.000000',73,'142'),(13,'2024-08-22 08:13:00.000000',74,'143'),(13,'2024-08-22 08:14:00.000000',75,'144'),(13,'2024-08-22 08:15:00.000000',76,'145'),(13,'2024-08-22 08:16:00.000000',77,'146'),(14,'2024-08-22 08:17:00.000000',78,'147'),(14,'2024-08-22 08:18:00.000000',79,'148'),(14,'2024-08-22 08:19:00.000000',80,'149'),(14,'2024-08-22 08:20:00.000000',81,'150'),(14,'2024-08-22 08:21:00.000000',82,'151'),(14,'2024-08-22 08:22:00.000000',83,'152'),(14,'2024-08-22 08:23:00.000000',84,'153'),(14,'2024-08-22 08:24:00.000000',85,'154'),(14,'2024-08-22 08:25:00.000000',86,'155'),(15,'2024-08-22 08:26:00.000000',87,'156'),(15,'2024-08-22 08:27:00.000000',88,'157'),(15,'2024-08-22 08:28:00.000000',89,'158'),(15,'2024-08-22 08:29:00.000000',90,'159'),(15,'2024-08-22 08:30:00.000000',91,'160'),(15,'2024-08-22 08:31:00.000000',92,'161'),(15,'2024-08-22 08:32:00.000000',93,'162'),(15,'2024-08-22 08:33:00.000000',94,'163'),(16,'2024-08-22 08:34:00.000000',95,'164'),(16,'2024-08-22 08:35:00.000000',96,'165'),(16,'2024-08-22 08:36:00.000000',97,'166'),(16,'2024-08-22 08:37:00.000000',98,'167'),(16,'2024-08-22 08:38:00.000000',99,'168'),(16,'2024-08-22 08:39:00.000000',100,'169'),(16,'2024-08-22 08:40:00.000000',101,'120'),(16,'2024-08-22 08:41:00.000000',102,'121'),(17,'2024-08-22 08:42:00.000000',103,'122'),(17,'2024-08-22 08:43:00.000000',104,'123'),(17,'2024-08-22 08:44:00.000000',105,'124'),(17,'2024-08-22 08:45:00.000000',106,'125'),(17,'2024-08-22 08:46:00.000000',107,'126'),(17,'2024-08-22 08:47:00.000000',108,'127'),(17,'2024-08-22 08:48:00.000000',109,'128'),(17,'2024-08-22 08:49:00.000000',110,'129'),(18,'2024-08-22 08:50:00.000000',111,'130'),(18,'2024-08-22 08:51:00.000000',112,'131'),(18,'2024-08-22 08:52:00.000000',113,'132'),(18,'2024-08-22 08:53:00.000000',114,'133'),(18,'2024-08-22 08:54:00.000000',115,'134'),(18,'2024-08-22 08:55:00.000000',116,'135'),(18,'2024-08-22 08:56:00.000000',117,'136'),(18,'2024-08-22 08:57:00.000000',118,'137'),(18,'2024-08-22 08:58:00.000000',119,'138'),(19,'2024-08-22 08:59:00.000000',120,'139'),(19,'2024-08-22 09:00:00.000000',121,'140'),(19,'2024-08-22 09:01:00.000000',122,'141'),(19,'2024-08-22 09:02:00.000000',123,'142'),(19,'2024-08-22 09:03:00.000000',124,'143'),(19,'2024-08-22 09:04:00.000000',125,'144'),(19,'2024-08-22 09:05:00.000000',126,'145'),(19,'2024-08-22 09:06:00.000000',127,'146'),(19,'2024-08-22 09:07:00.000000',128,'147'),(20,'2024-08-22 09:08:00.000000',129,'148'),(20,'2024-08-22 09:09:00.000000',130,'149'),(20,'2024-08-22 09:10:00.000000',131,'150'),(20,'2024-08-22 09:11:00.000000',132,'151'),(20,'2024-08-22 09:12:00.000000',133,'152'),(20,'2024-08-22 09:13:00.000000',134,'153'),(20,'2024-08-22 09:14:00.000000',135,'154'),(20,'2024-08-22 09:15:00.000000',136,'155'),(20,'2024-08-22 09:16:00.000000',137,'156'),(20,'2024-08-22 09:17:00.000000',138,'157'),(21,'2024-08-22 09:18:00.000000',139,'120'),(21,'2024-08-22 09:19:00.000000',140,'121'),(21,'2024-08-22 09:20:00.000000',141,'122'),(21,'2024-08-22 09:21:00.000000',142,'123'),(22,'2024-08-22 09:22:00.000000',143,'124'),(22,'2024-08-22 09:23:00.000000',144,'125'),(22,'2024-08-22 09:24:00.000000',145,'126'),(22,'2024-08-22 09:25:00.000000',146,'127'),(22,'2024-08-22 09:26:00.000000',147,'128'),(23,'2024-08-22 09:27:00.000000',148,'129'),(23,'2024-08-22 09:28:00.000000',149,'130'),(23,'2024-08-22 09:29:00.000000',150,'131'),(23,'2024-08-22 09:30:00.000000',151,'132'),(23,'2024-08-22 09:31:00.000000',152,'133'),(23,'2024-08-22 09:32:00.000000',153,'134'),(24,'2024-08-22 09:33:00.000000',154,'135'),(24,'2024-08-22 09:34:00.000000',155,'136'),(24,'2024-08-22 09:35:00.000000',156,'137'),(24,'2024-08-22 09:36:00.000000',157,'138'),(25,'2024-08-22 09:37:00.000000',158,'139'),(25,'2024-08-22 09:38:00.000000',159,'140'),(25,'2024-08-22 09:39:00.000000',160,'141'),(25,'2024-08-22 09:40:00.000000',161,'142'),(25,'2024-08-22 09:41:00.000000',162,'143'),(25,'2024-08-22 09:42:00.000000',163,'144'),(26,'2024-08-22 09:43:00.000000',164,'145'),(26,'2024-08-22 09:44:00.000000',165,'146'),(26,'2024-08-22 09:45:00.000000',166,'147'),(27,'2024-08-22 09:46:00.000000',167,'148'),(27,'2024-08-22 09:47:00.000000',168,'149'),(27,'2024-08-22 09:48:00.000000',169,'150'),(27,'2024-08-22 09:49:00.000000',170,'151'),(27,'2024-08-22 09:50:00.000000',171,'152'),(27,'2024-08-22 09:51:00.000000',172,'153'),(27,'2024-08-22 09:52:00.000000',173,'154'),(28,'2024-08-22 09:53:00.000000',174,'155'),(28,'2024-08-22 09:54:00.000000',175,'156'),(28,'2024-08-22 09:55:00.000000',176,'157'),(29,'2024-08-22 09:56:00.000000',177,'158'),(29,'2024-08-22 09:57:00.000000',178,'159'),(29,'2024-08-22 09:58:00.000000',179,'160'),(29,'2024-08-22 09:59:00.000000',180,'161'),(29,'2024-08-22 10:00:00.000000',181,'162'),(29,'2024-08-22 10:01:00.000000',182,'163'),(30,'2024-08-22 10:02:00.000000',183,'164'),(30,'2024-08-22 10:03:00.000000',184,'165'),(30,'2024-08-22 10:04:00.000000',185,'166'),(30,'2024-08-22 10:05:00.000000',186,'167'),(30,'2024-08-22 10:06:00.000000',187,'168'),(30,'2024-08-22 10:07:00.000000',188,'169'),(30,'2024-08-22 10:08:00.000000',189,'120'),(31,'2024-08-22 10:10:00.000000',190,'121'),(31,'2024-08-22 10:11:00.000000',191,'122'),(31,'2024-08-22 10:12:00.000000',192,'123'),(31,'2024-08-22 10:13:00.000000',193,'124'),(31,'2024-08-22 10:14:00.000000',194,'125'),(31,'2024-08-22 10:15:00.000000',195,'126'),(31,'2024-08-22 10:16:00.000000',196,'127'),(31,'2024-08-22 10:17:00.000000',197,'128'),(31,'2024-08-22 10:18:00.000000',198,'129'),(32,'2024-08-22 10:19:00.000000',199,'130'),(32,'2024-08-22 10:20:00.000000',200,'131'),(32,'2024-08-22 10:21:00.000000',201,'132'),(32,'2024-08-22 10:22:00.000000',202,'133'),(32,'2024-08-22 10:23:00.000000',203,'134'),(32,'2024-08-22 10:24:00.000000',204,'135'),(32,'2024-08-22 10:25:00.000000',205,'136'),(32,'2024-08-22 10:26:00.000000',206,'137'),(32,'2024-08-22 10:27:00.000000',207,'138'),(32,'2024-08-22 10:28:00.000000',208,'139'),(33,'2024-08-22 10:29:00.000000',209,'140'),(33,'2024-08-22 10:30:00.000000',210,'141'),(33,'2024-08-22 10:31:00.000000',211,'142'),(33,'2024-08-22 10:32:00.000000',212,'143'),(33,'2024-08-22 10:33:00.000000',213,'144'),(33,'2024-08-22 10:34:00.000000',214,'145'),(33,'2024-08-22 10:35:00.000000',215,'146'),(33,'2024-08-22 10:36:00.000000',216,'147'),(34,'2024-08-22 10:37:00.000000',217,'148'),(34,'2024-08-22 10:38:00.000000',218,'149'),(34,'2024-08-22 10:39:00.000000',219,'150'),(34,'2024-08-22 10:40:00.000000',220,'151'),(34,'2024-08-22 10:41:00.000000',221,'152'),(34,'2024-08-22 10:42:00.000000',222,'153'),(34,'2024-08-22 10:43:00.000000',223,'154'),(34,'2024-08-22 10:44:00.000000',224,'155'),(34,'2024-08-22 10:45:00.000000',225,'156'),(35,'2024-08-22 10:46:00.000000',226,'157'),(35,'2024-08-22 10:47:00.000000',227,'158'),(35,'2024-08-22 10:48:00.000000',228,'159'),(35,'2024-08-22 10:49:00.000000',229,'160'),(35,'2024-08-22 10:50:00.000000',230,'161'),(35,'2024-08-22 10:51:00.000000',231,'162'),(35,'2024-08-22 10:52:00.000000',232,'163'),(35,'2024-08-22 10:53:00.000000',233,'164'),(36,'2024-08-22 10:54:00.000000',234,'165'),(36,'2024-08-22 10:55:00.000000',235,'166'),(36,'2024-08-22 10:56:00.000000',236,'167'),(36,'2024-08-22 10:57:00.000000',237,'168'),(36,'2024-08-22 10:58:00.000000',238,'169'),(36,'2024-08-22 10:59:00.000000',239,'120'),(36,'2024-08-22 11:00:00.000000',240,'121'),(36,'2024-08-22 11:01:00.000000',241,'122'),(37,'2024-08-22 11:02:00.000000',242,'123'),(37,'2024-08-22 11:03:00.000000',243,'124'),(37,'2024-08-22 11:04:00.000000',244,'125'),(37,'2024-08-22 11:05:00.000000',245,'126'),(37,'2024-08-22 11:06:00.000000',246,'127'),(37,'2024-08-22 11:07:00.000000',247,'128'),(37,'2024-08-22 11:08:00.000000',248,'129'),(37,'2024-08-22 11:09:00.000000',249,'130'),(37,'2024-08-22 11:10:00.000000',250,'131'),(38,'2024-08-22 11:11:00.000000',251,'132'),(38,'2024-08-22 11:12:00.000000',252,'133'),(38,'2024-08-22 11:13:00.000000',253,'134'),(38,'2024-08-22 11:14:00.000000',254,'135'),(38,'2024-08-22 11:15:00.000000',255,'136'),(38,'2024-08-22 11:16:00.000000',256,'137'),(38,'2024-08-22 11:17:00.000000',257,'138'),(38,'2024-08-22 11:18:00.000000',258,'139'),(39,'2024-08-22 11:19:00.000000',259,'140'),(39,'2024-08-22 11:20:00.000000',260,'141'),(39,'2024-08-22 11:21:00.000000',261,'142'),(39,'2024-08-22 11:22:00.000000',262,'143'),(39,'2024-08-22 11:23:00.000000',263,'144'),(39,'2024-08-22 11:24:00.000000',264,'145'),(39,'2024-08-22 11:25:00.000000',265,'146'),(39,'2024-08-22 11:26:00.000000',266,'147'),(40,'2024-08-22 11:27:00.000000',267,'148'),(40,'2024-08-22 11:28:00.000000',268,'149'),(40,'2024-08-22 11:29:00.000000',269,'150'),(40,'2024-08-22 11:30:00.000000',270,'151'),(40,'2024-08-22 11:31:00.000000',271,'152'),(40,'2024-08-22 11:32:00.000000',272,'153'),(40,'2024-08-22 11:33:00.000000',273,'154'),(40,'2024-08-22 11:34:00.000000',274,'155'),(40,'2024-08-22 11:35:00.000000',275,'156'),(40,'2024-08-22 11:36:00.000000',276,'157'),(41,'2024-08-22 11:37:00.000000',277,'121'),(41,'2024-08-22 11:38:00.000000',278,'122'),(41,'2024-08-22 11:39:00.000000',279,'123'),(41,'2024-08-22 11:40:00.000000',280,'124'),(41,'2024-08-22 11:41:00.000000',281,'125'),(41,'2024-08-22 11:42:00.000000',282,'126'),(41,'2024-08-22 11:43:00.000000',283,'127'),(41,'2024-08-22 11:44:00.000000',284,'128'),(41,'2024-08-22 11:45:00.000000',285,'129'),(41,'2024-08-22 11:46:00.000000',286,'130'),(42,'2024-08-22 11:47:00.000000',287,'131'),(42,'2024-08-22 11:48:00.000000',288,'132'),(42,'2024-08-22 11:49:00.000000',289,'133'),(42,'2024-08-22 11:50:00.000000',290,'134'),(42,'2024-08-22 11:51:00.000000',291,'135'),(42,'2024-08-22 11:52:00.000000',292,'136'),(42,'2024-08-22 11:53:00.000000',293,'137'),(42,'2024-08-22 11:54:00.000000',294,'138'),(42,'2024-08-22 11:55:00.000000',295,'139'),(43,'2024-08-22 11:56:00.000000',296,'140'),(43,'2024-08-22 11:57:00.000000',297,'141'),(43,'2024-08-22 11:58:00.000000',298,'142'),(43,'2024-08-22 11:59:00.000000',299,'143'),(43,'2024-08-22 12:00:00.000000',300,'144'),(43,'2024-08-22 12:01:00.000000',301,'145'),(43,'2024-08-22 12:02:00.000000',302,'146'),(43,'2024-08-22 12:03:00.000000',303,'147'),(43,'2024-08-22 12:04:00.000000',304,'148'),(44,'2024-08-22 12:05:00.000000',305,'149'),(44,'2024-08-22 12:06:00.000000',306,'150'),(44,'2024-08-22 12:07:00.000000',307,'151'),(44,'2024-08-22 12:08:00.000000',308,'152'),(44,'2024-08-22 12:09:00.000000',309,'153'),(44,'2024-08-22 12:10:00.000000',310,'154'),(44,'2024-08-22 12:11:00.000000',311,'155'),(44,'2024-08-22 12:12:00.000000',312,'156'),(44,'2024-08-22 12:13:00.000000',313,'157'),(45,'2024-08-22 12:14:00.000000',314,'158'),(45,'2024-08-22 12:15:00.000000',315,'159'),(45,'2024-08-22 12:16:00.000000',316,'160'),(45,'2024-08-22 12:17:00.000000',317,'161'),(45,'2024-08-22 12:18:00.000000',318,'162'),(45,'2024-08-22 12:19:00.000000',319,'163'),(45,'2024-08-22 12:20:00.000000',320,'164'),(45,'2024-08-22 12:21:00.000000',321,'165'),(46,'2024-08-22 12:22:00.000000',322,'166'),(46,'2024-08-22 12:23:00.000000',323,'167'),(46,'2024-08-22 12:24:00.000000',324,'168'),(46,'2024-08-22 12:25:00.000000',325,'169'),(46,'2024-08-22 12:26:00.000000',326,'120'),(46,'2024-08-22 12:27:00.000000',327,'121'),(46,'2024-08-22 12:28:00.000000',328,'122'),(46,'2024-08-22 12:29:00.000000',329,'123'),(47,'2024-08-22 12:30:00.000000',330,'124'),(47,'2024-08-22 12:31:00.000000',331,'125'),(47,'2024-08-22 12:32:00.000000',332,'126'),(47,'2024-08-22 12:33:00.000000',333,'127'),(47,'2024-08-22 12:34:00.000000',334,'128'),(47,'2024-08-22 12:35:00.000000',335,'129'),(47,'2024-08-22 12:36:00.000000',336,'130'),(47,'2024-08-22 12:37:00.000000',337,'131'),(47,'2024-08-22 12:38:00.000000',338,'132'),(48,'2024-08-22 12:39:00.000000',339,'133'),(48,'2024-08-22 12:40:00.000000',340,'134'),(48,'2024-08-22 12:41:00.000000',341,'135'),(48,'2024-08-22 12:42:00.000000',342,'136'),(48,'2024-08-22 12:43:00.000000',343,'137'),(48,'2024-08-22 12:44:00.000000',344,'138'),(48,'2024-08-22 12:45:00.000000',345,'139'),(48,'2024-08-22 12:46:00.000000',346,'140'),(49,'2024-08-22 12:47:00.000000',347,'141'),(49,'2024-08-22 12:48:00.000000',348,'142'),(49,'2024-08-22 12:49:00.000000',349,'143'),(49,'2024-08-22 12:50:00.000000',350,'144'),(49,'2024-08-22 12:51:00.000000',351,'145'),(49,'2024-08-22 12:52:00.000000',352,'146'),(49,'2024-08-22 12:53:00.000000',353,'147'),(49,'2024-08-22 12:54:00.000000',354,'148'),(50,'2024-08-22 12:55:00.000000',355,'149'),(50,'2024-08-22 12:56:00.000000',356,'150'),(50,'2024-08-22 12:57:00.000000',357,'151'),(50,'2024-08-22 12:58:00.000000',358,'152'),(50,'2024-08-22 12:59:00.000000',359,'153'),(50,'2024-08-22 13:00:00.000000',360,'154'),(50,'2024-08-22 13:01:00.000000',361,'155'),(50,'2024-08-22 13:02:00.000000',362,'156'),(50,'2024-08-22 13:03:00.000000',363,'157'),(50,'2024-08-22 13:04:00.000000',364,'158'),(3,'2024-09-04 16:29:55.059771',383,'3679445364'),(77,'2024-09-04 16:30:25.476831',384,'3679461327'),(8,'2024-09-05 09:28:02.543849',385,'3673226076'),(3,'2024-09-05 09:36:36.622114',386,'3679445680'),(34,'2024-09-08 15:48:33.019246',387,'3673226076'),(9,'2024-09-09 09:25:33.373253',388,'3679461327'),(79,'2024-09-09 11:05:47.797750',391,'3679445680'),(78,'2024-09-09 11:16:17.056488',392,'3679445680'),(90,'2024-09-09 13:22:59.726279',393,'3679445680'),(93,'2024-09-09 13:53:55.446286',394,'3679445364'),(93,'2024-09-09 17:56:32.512957',395,'3698499398'),(3,'2024-09-11 10:34:01.337933',396,'3701077814'),(9,'2024-09-11 10:34:25.679970',397,'3701077855'),(8,'2024-09-11 10:35:57.154328',398,'3701078013'),(99,'2024-09-11 10:41:51.325596',399,'3701078013'),(99,'2024-09-11 10:42:14.559319',400,'3701078075'),(3,'2024-09-11 10:42:21.312114',401,'3701078013'),(17,'2024-09-11 10:49:22.867493',402,'3701077814'),(10,'2024-09-11 10:59:06.917277',403,'3701077599'),(3,'2024-09-15 23:01:58.357744',404,'3673226076'),(80,'2024-09-16 12:22:13.135504',405,'3679461327'),(99,'2024-09-17 19:05:40.430815',406,'3679445680'),(9,'2024-09-24 13:56:37.566726',408,'3673226076'),(108,'2024-09-24 14:19:30.554768',409,'3679461327'),(103,'2024-09-24 14:22:07.469613',410,'3679445364'),(41,'2024-09-24 15:16:47.728321',412,'3673226076'),(18,'2024-09-24 17:19:34.402246',414,'3679461327'),(8,'2024-09-25 13:57:34.176701',415,'3679461327'),(3,'2024-09-25 13:57:54.880421',416,'3679461327'),(20,'2024-09-25 13:59:47.453315',417,'3679461327'),(25,'2024-09-25 13:59:54.439658',418,'3679461327'),(15,'2024-09-25 14:00:32.491565',419,'3679461327'),(43,'2024-09-25 14:00:37.429321',420,'3679461327'),(44,'2024-09-25 14:00:57.480257',421,'3679461327'),(10,'2024-09-25 14:01:13.591962',422,'3679461327'),(29,'2024-09-25 14:04:20.575036',423,'3679461327'),(111,'2024-09-25 14:09:00.714624',424,'3679445364'),(114,'2024-09-25 14:15:25.805182',425,'3679461327');
/*!40000 ALTER TABLE `participants` ENABLE KEYS */;
UNLOCK TABLES;

--
-- Table structure for table `reviews`
--

DROP TABLE IF EXISTS `reviews`;
/*!40101 SET @saved_cs_client     = @@character_set_client */;
/*!50503 SET character_set_client = utf8mb4 */;
CREATE TABLE `reviews` (
  `rating` float NOT NULL,
  `classroom_id` bigint NOT NULL,
  `created_at` datetime(6) NOT NULL,
  `id` bigint NOT NULL AUTO_INCREMENT,
  `user_id` varchar(60) NOT NULL,
  `content` varchar(700) NOT NULL,
  PRIMARY KEY (`id`),
  KEY `FK6iwvbu1d36ygfscwwptynkrdd` (`classroom_id`),
  KEY `FKcgy7qjc1r99dp117y9en6lxye` (`user_id`),
  CONSTRAINT `FK6iwvbu1d36ygfscwwptynkrdd` FOREIGN KEY (`classroom_id`) REFERENCES `classrooms` (`id`),
  CONSTRAINT `FKcgy7qjc1r99dp117y9en6lxye` FOREIGN KEY (`user_id`) REFERENCES `users` (`id`)
) ENGINE=InnoDB DEFAULT CHARSET=utf8mb4 COLLATE=utf8mb4_0900_ai_ci;
/*!40101 SET character_set_client = @saved_cs_client */;

--
-- Dumping data for table `reviews`
--

LOCK TABLES `reviews` WRITE;
/*!40000 ALTER TABLE `reviews` DISABLE KEYS */;
/*!40000 ALTER TABLE `reviews` ENABLE KEYS */;
UNLOCK TABLES;

--
-- Table structure for table `schedules`
--

DROP TABLE IF EXISTS `schedules`;
/*!40101 SET @saved_cs_client     = @@character_set_client */;
/*!50503 SET character_set_client = utf8mb4 */;
CREATE TABLE `schedules` (
  `date` date NOT NULL,
  `end_time` time(6) NOT NULL,
  `start_time` time(6) NOT NULL,
  `classroom_id` bigint NOT NULL,
  `id` bigint NOT NULL AUTO_INCREMENT,
  `content` varchar(700) NOT NULL,
  PRIMARY KEY (`id`),
  KEY `FKetjivfiadf6tro4vbyxhn52cg` (`classroom_id`),
  CONSTRAINT `FKetjivfiadf6tro4vbyxhn52cg` FOREIGN KEY (`classroom_id`) REFERENCES `classrooms` (`id`)
) ENGINE=InnoDB AUTO_INCREMENT=173 DEFAULT CHARSET=utf8mb4 COLLATE=utf8mb4_0900_ai_ci;
/*!40101 SET character_set_client = @saved_cs_client */;

--
-- Dumping data for table `schedules`
--

LOCK TABLES `schedules` WRITE;
/*!40000 ALTER TABLE `schedules` DISABLE KEYS */;
/*!40000 ALTER TABLE `schedules` ENABLE KEYS */;
UNLOCK TABLES;

--
-- Table structure for table `users`
--

DROP TABLE IF EXISTS `users`;
/*!40101 SET @saved_cs_client     = @@character_set_client */;
/*!50503 SET character_set_client = utf8mb4 */;
CREATE TABLE `users` (
  `created_at` datetime(6) NOT NULL,
  `deleted_at` datetime(6) DEFAULT NULL,
  `id` varchar(60) NOT NULL,
  `nickname` varchar(100) NOT NULL,
  `profile_image_path` varchar(300) DEFAULT NULL,
  `email` varchar(400) DEFAULT NULL,
  PRIMARY KEY (`id`),
  UNIQUE KEY `UK2ty1xmrrgtn89xt7kyxx6ta7h` (`nickname`),
  UNIQUE KEY `UK6dotkott2kjsp8vw4d0m25fb7` (`email`)
) ENGINE=InnoDB DEFAULT CHARSET=utf8mb4 COLLATE=utf8mb4_0900_ai_ci;
/*!40101 SET character_set_client = @saved_cs_client */;

--
-- Dumping data for table `users`
--

LOCK TABLES `users` WRITE;
/*!40000 ALTER TABLE `users` DISABLE KEYS */;
INSERT INTO `users` VALUES ('2024-08-22 06:09:54.000000',NULL,'100','김서준',NULL,'seojun.kim@example.com'),('2024-08-22 06:09:54.000000',NULL,'101','이지아',NULL,'jia.lee@example.com'),('2024-08-22 06:09:54.000000',NULL,'102','박하준',NULL,'hajun.park@example.com'),('2024-08-22 06:09:54.000000',NULL,'103','정유나',NULL,'yuna.jung@example.com'),('2024-08-22 06:10:00.000000',NULL,'104','최도현',NULL,'dohyun.choi@example.com'),('2024-08-22 06:10:05.000000',NULL,'105','윤지호',NULL,'jiho.yoon@example.com'),('2024-08-22 06:10:10.000000',NULL,'106','장민서',NULL,'minseo.jang@example.com'),('2024-08-22 06:10:15.000000',NULL,'107','한예원',NULL,'yewon.han@example.com'),('2024-08-22 06:10:20.000000',NULL,'108','김시우',NULL,'siwoo.kim@example.com'),('2024-08-22 06:10:25.000000',NULL,'109','신은서',NULL,'eunseo.shin@example.com'),('2024-08-22 06:10:30.000000',NULL,'110','오서연',NULL,'seoyeon.oh@example.com'),('2024-08-22 06:10:35.000000',NULL,'111','류지성',NULL,'jisung.ryu@example.com'),('2024-08-22 06:10:40.000000',NULL,'112','김하린',NULL,'harin.kim@example.com'),('2024-08-22 06:10:45.000000',NULL,'113','백준서',NULL,'junseo.baek@example.com'),('2024-08-22 06:10:50.000000',NULL,'114','박다인',NULL,'dain.park@example.com'),('2024-08-22 06:10:55.000000',NULL,'115','김도윤',NULL,'doyoon.kim@example.com'),('2024-08-22 06:11:00.000000',NULL,'116','조하율',NULL,'hayul.jo@example.com'),('2024-08-22 06:11:05.000000',NULL,'117','송지아',NULL,'jia.song@example.com'),('2024-08-22 06:11:10.000000',NULL,'118','이건우',NULL,'geonwoo.lee@example.com'),('2024-08-22 06:11:15.000000',NULL,'119','정서현',NULL,'seohyun.jung@example.com'),('2024-08-22 06:12:00.000000',NULL,'120','이서진',NULL,'seojin.lee@example.com'),('2024-08-22 06:12:05.000000',NULL,'121','박성민',NULL,'seongmin.park@example.com'),('2024-08-22 06:12:10.000000',NULL,'122','김하영',NULL,'hayoung.kim@example.com'),('2024-08-22 06:12:15.000000',NULL,'123','장지훈',NULL,'jihoon.jang@example.com'),('2024-08-22 06:12:20.000000',NULL,'124','이하은',NULL,'haeun.lee@example.com'),('2024-08-22 06:12:25.000000',NULL,'125','유하린',NULL,'harin.yoo@example.com'),('2024-08-22 06:12:30.000000',NULL,'126','최은우',NULL,'eunwoo.choi@example.com'),('2024-08-22 06:12:35.000000',NULL,'127','백지수',NULL,'jisu.baek@example.com'),('2024-08-22 06:12:40.000000',NULL,'128','한서윤',NULL,'seoyoon.han@example.com'),('2024-08-22 06:12:45.000000',NULL,'129','전지훈',NULL,'jihoon.jeon@example.com'),('2024-08-22 06:12:50.000000',NULL,'130','노은채',NULL,'eunchae.no@example.com'),('2024-08-22 06:12:55.000000',NULL,'131','이재윤',NULL,'jaeyoon.lee@example.com'),('2024-08-22 06:13:00.000000',NULL,'132','신민지',NULL,'minji.shin@example.com'),('2024-08-22 06:13:05.000000',NULL,'133','고은비',NULL,'eunbi.ko@example.com'),('2024-08-22 06:13:10.000000',NULL,'134','권지민',NULL,'jimin.kwon@example.com'),('2024-08-22 06:13:15.000000',NULL,'135','문지호',NULL,'jiho.moon@example.com'),('2024-08-22 06:13:20.000000',NULL,'136','서하준',NULL,'hajun.seo@example.com'),('2024-08-22 06:13:25.000000',NULL,'137','하은주',NULL,'eunju.ha@example.com'),('2024-08-22 06:13:30.000000',NULL,'138','임도현',NULL,'dohyun.im@example.com'),('2024-08-22 06:13:35.000000',NULL,'139','심서현',NULL,'seohyun.sim@example.com'),('2024-08-22 06:13:40.000000',NULL,'140','강민수',NULL,'minsuu.kang@example.com'),('2024-08-22 06:13:45.000000',NULL,'141','양수현',NULL,'soohyun.yang@example.com'),('2024-08-22 06:13:50.000000',NULL,'142','안도윤',NULL,'doyoon.ahn@example.com'),('2024-08-22 06:13:55.000000',NULL,'143','차윤아',NULL,'yuna.cha@example.com'),('2024-08-22 06:14:00.000000',NULL,'144','우시우',NULL,'siwoo.woo@example.com'),('2024-08-22 06:14:05.000000',NULL,'145','정수진',NULL,'sujin.jung@example.com'),('2024-08-22 06:14:10.000000',NULL,'146','이혜진',NULL,'hyejin.lee@example.com'),('2024-08-22 06:14:15.000000',NULL,'147','홍기준',NULL,'gijun.hong@example.com'),('2024-08-22 06:14:20.000000',NULL,'148','배윤지',NULL,'yoonji.bae@example.com'),('2024-08-22 06:14:25.000000',NULL,'149','남주원',NULL,'juwon.nam@example.com'),('2024-08-22 06:14:30.000000',NULL,'150','임도하',NULL,'doha.im@example.com'),('2024-08-22 06:14:35.000000',NULL,'151','유도영',NULL,'doyoung.yoo@example.com'),('2024-08-22 06:14:40.000000',NULL,'152','김다은',NULL,'daeun.kim@example.com'),('2024-08-22 06:14:45.000000',NULL,'153','강지훈',NULL,'jihoon.kang@example.com'),('2024-08-22 06:14:50.000000',NULL,'154','노수민',NULL,'soomin.no@example.com'),('2024-08-22 06:14:55.000000',NULL,'155','최민석',NULL,'minseok.choi@example.com'),('2024-08-22 06:15:00.000000',NULL,'156','윤지유',NULL,'jiyoo.yoon@example.com'),('2024-08-22 06:15:05.000000',NULL,'157','송우빈',NULL,'woobin.song@example.com'),('2024-08-22 06:15:10.000000',NULL,'158','백서우',NULL,'seowoo.baek@example.com'),('2024-08-22 06:15:15.000000',NULL,'159','이정민',NULL,'jungmin.lee@example.com'),('2024-08-22 06:15:20.000000',NULL,'160','황세은',NULL,'seeun.hwang@example.com'),('2024-08-22 06:15:25.000000',NULL,'161','권은정',NULL,'eunjung.kwon@example.com'),('2024-08-22 06:15:30.000000',NULL,'162','남유진',NULL,'yujin.nam@example.com'),('2024-08-22 06:15:35.000000',NULL,'163','차도현',NULL,'dohyun.cha@example.com'),('2024-08-22 06:15:40.000000',NULL,'164','고현아',NULL,'hyunah.ko@example.com'),('2024-08-22 06:15:45.000000',NULL,'165','서지훈',NULL,'jihoon.seo@example.com'),('2024-08-22 06:15:50.000000',NULL,'166','이서윤',NULL,'seoyoon.lee@example.com'),('2024-08-22 06:15:55.000000',NULL,'167','임현우',NULL,'hyunwoo.im@example.com'),('2024-08-22 06:16:00.000000',NULL,'168','신혜수',NULL,'hyesoo.shin@example.com'),('2024-08-22 06:16:05.000000',NULL,'169','안하윤',NULL,'hayoon.ahn@example.com'),('2024-09-04 15:36:56.347036',NULL,'3673226076','주디',NULL,''),('2024-09-25 13:30:48.691425',NULL,'3673575868','토니 (강유석)',NULL,NULL),('2024-09-04 16:21:19.816778',NULL,'3679445364','steven코','https://nemo-s3.s3.ap-northeast-2.amazonaws.com/9e6d5a9e-f%E1%84%80%E1%85%A9%E1%84%87%E1%85%A7%E1%86%BC%E1%84%92%E1%85%AE_C.jpg','bhwkd@naver.com'),('2024-09-04 16:10:47.525468',NULL,'3679445680','갈마동불주먹',NULL,'miaa@gmail.com'),('2024-09-04 16:18:05.159513',NULL,'3679461327','즐리즐리','https://nemo-s3.s3.ap-northeast-2.amazonaws.com/4e22ea68-8%E3%85%87%E3%85%8D_%E3%84%B9%E3%85%82.png','safsafa@dfjakfdl'),('2024-09-09 13:00:43.760464',NULL,'3698499398','제빵왕chen',NULL,'zz3n.dev@gmail.com'),('2024-09-11 10:33:34.521341',NULL,'3701077599','nickssss',NULL,'이메일 정보가 없데요'),('2024-09-11 10:33:45.543553',NULL,'3701077814','병아리콧구멍',NULL,NULL),('2024-09-11 10:33:53.741723',NULL,'3701077855','첸미아오래가세요',NULL,NULL),('2024-09-11 10:34:52.191160',NULL,'3701078013','준이당',NULL,NULL),('2024-09-11 10:34:08.106848',NULL,'3701078075','피곤스침대',NULL,'piggons@'),('2024-09-24 19:20:11.396433',NULL,'3718583672','카이가고싶다',NULL,NULL);
/*!40000 ALTER TABLE `users` ENABLE KEYS */;
UNLOCK TABLES;
/*!40103 SET TIME_ZONE=@OLD_TIME_ZONE */;

/*!40101 SET SQL_MODE=@OLD_SQL_MODE */;
/*!40014 SET FOREIGN_KEY_CHECKS=@OLD_FOREIGN_KEY_CHECKS */;
/*!40014 SET UNIQUE_CHECKS=@OLD_UNIQUE_CHECKS */;
/*!40101 SET CHARACTER_SET_CLIENT=@OLD_CHARACTER_SET_CLIENT */;
/*!40101 SET CHARACTER_SET_RESULTS=@OLD_CHARACTER_SET_RESULTS */;
/*!40101 SET COLLATION_CONNECTION=@OLD_COLLATION_CONNECTION */;
/*!40111 SET SQL_NOTES=@OLD_SQL_NOTES */;

-- Dump completed on 2024-09-25 15:07:32
